"1","PERIFERICO SUR  ","DF","AV. CENTRO COMERCIAL #78 COL. INSURGENTES CUICUILCO",,"1"
"2","ACUEDUCTO DE GUADALUPE  ","DF","AV. LUIS ESPINOZA NO.  160 COL. SANTIAGO ATEPETLAC, DELEGACION GUSTAVO A. MADERO MEXICO D.F. C.P. 07200",,"1"
"3","AEREOPUERTO","DF","CALZADA IGNACIO ZARAGOZA NO. 58   COL. FEDERAL  C.P. 15700, MEXICO D.F.",,"1"
"4","AZCAPOTZALCO  ","DF","AV. NEXTENGO NO. 78 COL. SANTA CRUZ ACAYUCAN C.P. 02770, MEXICO D.F.",,"1"
"5","BALBUENA","DF","FRAY TERESA DE MIER #881 COL. MAGDALENA MIXUCA",,"1"
"6","BUENAVISTA","DF","AV. INSURGENTES NORTE #131 COL. GUERRERO",,"1"
"7","CUAJIMALPA","DF","JOSÉ MA. CASTORENA #470 COL. SAN JOSÉ DE LOS CEDROS 2A SECCIÓN GRANJA",,"1"
"8","CUITLAHUAC","DF","AV CUITLAHUAC 3651 #3651 COL. NATIVITAS",,"1"
"9","EDUARDO MOLINA","DF","AV. SAN JUAN DE ARAGÓN #516 COL. DM NACIONAL",,"1"
"10","FELIX CUEVAS","DF","SAN FRANCISCO #1621 COL. DEL VALLE CENTRO",,"1"
"11","LAS AGUILAS","DF","CALZ. DE LAS ÁGUILAS #820 COL. LAS ÁGUILAS",,"1"
"12","LOMAS TOREO","DF","BLVD. MANUEL ÁVILA CAMACHO #641 COL. PERIODISTA",,"1"
"13","MIRAMONTES  ","DF","ESCUELA NAVAL MILITAR #753 COL. LOS CIPRESES",,"1"
"14","PLATEROS","DF","BLVD. A LÓPEZ MATEOS #1701 COL. LOMAS DE PLATEROS",,"1"
"15","PLAZA ORIENTE  ","DF","AV. CANAL DE TEZONTLE #1520 COL. DR. ALFONSO ORTIZ TIRADO ",,"1"
"16","TAXQUEÑA","DF","AV. MIGUEL ÁNGEL DE QUEVEDO #175 COL. ERMITA",,"1"
"17","TEPEYAC","DF","CALZ. DE GUADALUPE #431 COL. GUADALUPE TEPEYAC",,"1"
"18","TLALPAN","DF","CALZADA DE TLALPAN #1037 COL. NATIVITAS",,"1"
"19","TLAHUAC","DF","CALZADA TLAHUAC #5662 COL. SAN LORENZO TEZONCO",,"1"
"20","UNIVERSIDAD","DF","AV. UNIVERSIDAD #936 COL. SANTA CRUZ ATOYAC",,"1"
"21","VILLA COAPA","DF","AV. CANAL DE MIRAMONTES #3520 COL. NARCISO MENDOZA VILLA COAPA",,"1"
"22","LINDAVISTA","DF","MIGUEL OTHON DE MENDIZABAL OTE. 343, COL. NUEVA INDUSTRIAL VALLEJO,  C.P. 07700 MÉXICO, D.F",,"1"
"23","COPILCO","DF","AV. COPILCO NO. 164 COL. OXTOPULCO DEL. COYOACAN C.P. 04318",,"1"
"24","LOMAS VERDES","ESTADO DE MEXICO","SUPER CARRETERA LOMAS VERDESIV #1200 COL. LOMAS VERDES 1A SECCIÓN",,"1"
"25","SAN MARCOS IZCALLI  ","ESTADO DE MEXICO","AV CHALMA #281 COL. CTM",,"1"
"26","IXTAPALUCA","ESTADO DE MEXICO","CARRETERA MEXICO- CUAUTLA 34 Y B #34 A B COL. CAPILLAS I",,"1"
"27","MULTI PLAZA ARBOLEDAS","ESTADO DE MEXICO","AUTOPISTA MEXICO-QUERETARO #3985 COL. INDUSTRIAL TLANEPANTLA ",,"1"
"28","SAN JOSE TEMACAC EDO MEX","ESTADO DE MEXICO","CARRETERA MEXICO PACHUCA 36.5 #KM63.5 COL. 5 DE MAYO",,"1"
"29","SANTA ELENA","ESTADO DE MEXICO","CARRETERA CUAUTITLAN-TULTEPEC NO. 2 ENTRE LAS CALLES SANTA LUCIA Y CAMINO VIEJO EL QUEMADO, COL. TERREMOTO C.P. 54850, CUAUTITLAN EDO. DE MEX.",,"1"
"30","HIPERPLAZA TEXCOCO","ESTADO DE MEXICO","HIDALGO NO. 300, ENTRE LAS CALLES CAMINO ALMOLINO DE LAS FLORES Y LIBERTAD, COL. STA. CRUZ DE ARRIBA C.P. 56120, TEXCOCO EDO. DE MEX. ",,"1"
"31","ESPACIO ESMERALDA","ESTADO DE MEXICO","AV. DR. JORGE JIMENEZ CANTU SN, ENTRE LAS CALLES ESTADIA Y RESIDENCIA CHILUCA, COL. LA ESTADIA C.P. 52936 ATIZAPAN EDO. DE MEX.",,"1"
"32","LOS REYES","ESTADO DE MEXICO","CARRETERA ZUMPANGO LOS REYES S/N ENTRE LAS CALLES DE LOS PINOS Y PIRINEOS COL. BUENAVISTA CP 55635 ZUMPANGO, EDO. DE MEXICO",,"1"
"33","TOLTECAS","ESTADO DE MEXICO","AV. HIDALGO #S/N COL. INDUSTRIAL TLANEPANTLA",,"1"
"34","CD. JARDIN","ESTADO DE MEXICO","AV. BORDO DE XOCHIACA No. 3 Lt -A2  COL. BENITO JUÁREZ  C.P. 50000   MUNICIPIO NEZAHUALCOYOTL, EDO. DE MÉXICO.",,"1"
"35","JOROBAS","ESTADO DE MEXICO","CARRETERA JOROBAS-TULA 03 38 MANZANA 125 NTE 1 CAMINO A SANTA TERESA, COL. STA TERESA 3 Y 3 BIS CP 54695, HUEHUETOCA, EDO. DE MEXICO",,"1"
"36","INTERLOMAS","ESTADO DE MEXICO","BLVD. MAGNOCENTRO #35 COL. BOSQUES DE LAS PALMAS",,"1"
"37","PLAZA ARAGON","ESTADO DE MEXICO","AV CENTRAL #120 COL. EL RENACIMIENTO DE ARAGON",,"1"
"38","MACRO PLAZA HEROS DE TECAMAC","ESTADO DE MEXICO","BOSQUES DEL ESTADO DE MEXICO NO. 2 LOTE 1, ENTRE BOSQUES DE CHAPULTEPEC Y BOSQUES DE LOS CIPRESES, COL. LOS HEROES TECAMAC, C.P. 55764 TECAMAC EDO. DE MEXICO",,"1"
"39","SATELITE","ESTADO DE MEXICO","CIRCUITO 19 METALURGISTICAS #2 COL. CIUDAD SATELITE",,"1"
"40","ECHEGARAY","ESTADO DE MEXICO","EMILIANO ZAPATA #7 COL. SANTA MARIA NATIVITAS",,"1"
"41","PIRULES","ESTADO DE MEXICO","BLVD MANUEL ÁVILA CAMACHO #2550 COL. BOSQUES DE MÉXICO",,"1"
"42","COACALCO","ESTADO DE MEXICO","VIA JOSE LOPEZ PORTILLO No 100. COL. ZACACUITLA, C.P. 55710 COACALCO DE BERRIOZABAL, EDO DE MEX",,"1"
"43","SANTA MARIA COACALCO  ","ESTADO DE MEXICO","JOSÉ LÓPEZ PORTILLO #2 COL. SAN FRANCISCO COACALCO",,"1"
"44","PUERTA TEXCOCO","ESTADO DE MEXICO","CARRETERA FEDERAL MEXICO TEXCOCO KM 30.5   COL. SANTIAGO CUAUTLALPAN     TEXCOCO ESTADO DE MEXICO   C.P.56259",,"1"
"45","PERINORTE (ANTES SILOS)","ESTADO DE MEXICO","AUTOPISTA MEXICO-QUERETARO KM 30.2 ENTRE LAS CALLES AV, CENTRAL Y CARRETERA CUAUTITLAN TLANEPANTLA, COL. SAN MARTIN TEPETLIXPAN CP 54763 CUAUTITLAN IZCALLI, EDO DE MEXICO",,"1"
"46","PERIFERICO-CUAUTLITLAN","ESTADO DE MEXICO","AUT. MEXICO-QUERETARO KM. 36.5 #LTE 1 COL. ARCOS DE LA HACIENDA ",,"1"
"47","LAGO DE GUADALUPE","ESTADO DE MEXICO","LAGO DE GPE S/N LOTE 2 LOCAL SA03 ENTRE LAS CALLES AUTOPISTA MEXIC-QUERETARO Y TEXCATILPOCA, COL. SAN PEDRO BARRIENTOS 54010 TLANEPANTLA DE BAZ EDO DE MEXICO",,"1"
"48","LAS AMERICAS","ESTADO DE MEXICO","AV CENTRAL ESQ 1 DE MAYO #M04-L1 COL. LAS AMÉRICAS",,"1"
"49","LAS ALAMEDAS","ESTADO DE MEXICO","PASEO DE LAS PALOMAS #25 COL. LA ERMITA",,"1"
"50","BODEGA SAN LORENZO XALPA","DF","AV SAN LORENZO 2171 SAN JUAN XALPA",,"2"
"51","MEGA ROJO GOMEZ","DF","AV JAVIER ROJO GOMEZ 600 EJIDOS MORAN ",,"2"
"52","MEGA PILARES","DF","PILARES 541 DEL VALLE",,"2"
"53","MEGA GRAN SUR","DF","AV DEL IMAN 151 PEDREGAL DE CARRASCO",,"2"
"54","BODEGA TENAYUCA","DF","CALZ VALLEJO 2000 SAN JOSE DE LA ESCALERA",,"2"
"55","MEGA SAN JERONIMO","DF","AV SAN JERONIMO 630 SAN JERONIMO LIDICE",,"2"
"56","BODEGA ZARAGOZA","DF","AV IGNACIO ZARAGOZA 1450 JUAN ESCUTIA",,"2"
"57","BODEGA SAN JUAN DE ARAGON","DF","PUERTO DE CADIZ 42 HEROES DE CHAPULTEPEC",,"2"
"58","ERMITA","DF","CALZ ERMITA IZTAPALAPA 2955 AMPLIACION SAN MIGUEL IZTA",,"2"
"59","MEGA TLATELOLCO","DF","CALZ DE LA RONDA 88 EXHIPODROMO DE PERALVILLO",,"2"
"60","MEGA LA VILLA","DF","PROLONGACION CALZ DE LOS MISTERIOS62 GUADALUPE TEPEYAC",,"2"
"61","TULYEHUALCO","DF","AV TLAHUAC 4680 SAN NICOLAS TOLENTINO",,"2"
"62","BODEGA TACUBA","DF","CALZ MEXICO-TACUBA 911 HUICHAPAN",,"2"
"63","CALZ MEXICO-TACUBA 911 HUICHAPAN","DF","CALZ ERMITA IZTAPALAPA 3016 REFORMA POLITICA",,"2"
"251","MEXICOFITNESS","CDMX",,,"11"
"64","MEGA LA VIGA","DF","CALZ DE LA VIGA 1381 EL RETOÑO",,"2"
"65","MEGA COAPA","DF","PUENTE 186 AMSA",,"2"
"66","MEGA MIXCOAC","DF","AV REVOLUCION 780 SAN JUAN ",,"2"
"67","ASTURIAS","DF","CALZ CHABACANO 43 ASTURIAS",,"2"
"68","MEGA ATIZAPAN","ESTADO DE MEXICO","BLVD IGNACIO ZARAGOZA LOTE 3 EX HACIENDA PEDREGAL",,"2"
"69","MEGA METEPEC","ESTADO DE MEXICO","SS JUAN PABLO II 601 BARRIO DE COAXUSTENCO",,"2"
"70","ARAGON","ESTADO DE MEXICO","AV CENTRAL ESQ BLVD BOSQUE DE LAS NACIONES FRACC. BOSQUE DE ARAGON",,"2"
"71","BODEGA CUAUTITLAN IZCALLI","ESTADO DE MEXICO","AV JORGE JIMENEZ CANTU ESQ XALTENGO CENTRO URBANO ",,"2"
"72","VILLAS DE LA HACIENDA","ESTADO DE MEXICO","AV LAGO DE GUADALUPE ESQ PASEO DE LAS VILLAS FRACC. VILLAS DE LA HACIENDA",,"2"
"73","TEXCOCO","ESTADO DE MEXICO","EMILIANO ZAPATA Y LIBRAMIENTO TEXCOCO-LECHERIA BARRIO SANTA URSULA",,"2"
"74","BODEGA LOPEZ PORTILLO","ESTADO DE MEXICO","VIA JOSE LOPEZ PORTILLO 90 BUENAVISTA",,"2"
"75","MEGA IZCALLI","ESTADO DE MEXICO","AV 1° DE MAYO MZ C-24B CENTRO URBANO",,"2"
"76","MEGA SAN MATEO","ESTADO DE MEXICO","AV ADOLFO LOPEZ MATEOS 201 SANTA CRUZ ACATLAN",,"2"
"77","NEZAHUALCOYOTL","ESTADO DE MEXICO","CIRCUITO UNO ESQ PAGARE BENITO JUAREZ",,"2"
"78","CIRCUITO UNO ESQ PAGARE BENITO JUAREZ","ESTADO DE MEXICO","AV DEL LAGO2 BARRIO TEPANQUIAHUAC",,"2"
"79","MEGA COACALCO","ESTADO DE MEXICO","VIA JOSE LOPEZ PORTILLO 37 PERIODISTAS ",,"2"
"80","BODEGA ECATEPEC VIA MORELOS","ESTADO DE MEXICO","VIA MORELOS 222 SANTA MARIA TULPETLAC",,"2"
"81","BODEGA CENTER PLAZA ARAGON","ESTADO DE MEXICO","AV CENTRAL 50 VALLE DE ANAHUAC",,"2"
"82","BODEGA ZUMPANGO","ESTADO DE MEXICO","JORGE JIMENEZ CANTU S/N BARRIO SAN JUAN",,"2"
"83","BODEGA CHICONAUTLA","ESTADO DE MEXICO","AV NACIONAL ESQ CIRCUITO CUAUHTEMOC Y HERRERIA SANTO TOMAS CHICONAUTLA",,"2"
"84","MEGA ATLACOMULCO","ESTADO DE MEXICO","LIBRAMIENTO JORGE JIMENEZ CANTU Y AV 1° DE MAYO CUATRO MILPAS ",,"2"
"85","BODEGA TOLUCA","ESTADO DE MEXICO","VIA ADOLFO LOPEZ MATEOS 1415 SAN MATEO OXTOTITLAN",,"2"
"86","BODEGA ECATEPEC CENTRO","ESTADO DE MEXICO","AV REVOLUCION ESQ DONATO GUERRA FRACC. SAN CRISTOBAL",,"2"
"87","BODEGA LAS ARMAS","ESTADO DE MEXICO","CALZ DE LAS ARMAS NORTE 100 SAN JERONIMO TEPETLACALCO",,"2"
"88","BODEGA TEXCOCO CENTRO","ESTADO DE MEXICO","AV ARTEAGA 100 CENTRO TEXCOCO",,"2"
"89","BODEGA ACOZAC","ESTADO DE MEXICO","CARRETERA FEDERAL MEXICO-PUEBLA KM 29.5 IXTAPALUCA",,"2"
"90","BODEGA CHALCO","ESTADO DE MEXICO","CARRETERA CHALCO-TLAHUAC 776 BARRIO SAN SEBASTIAN",,"2"
"91","MEGA SAN MIGUEL HUEHUETOCA","ESTADO DE MEXICO","AV HUEHUETOCA1 EX HACIENDA SAN MIGUEL",,"2"
"92","MEGA ARBOLEDAS","ESTADO DE MEXICO","AV GUSTAVO BAZ 4001 INDUSTRIAL TLALNEPANTLA",,"2"
"93","TOLUCA I","ESTADO DE MEXICO","PASEO TOLLOCAN ESQ 28 DE OCTUBRE VERTICE",,"2"
"94","Sucursal Atzoacalco (291)","DF","Fernando Amilpa #80 Col. C.T.M. Atzacoalco",,"3"
"95","Sucursal Buena Vista (522)","DF","Eje 1 Norte Mosqueta Local A-02 #259 Col. Buena Vista",,"3"
"96","Sucursal Coapa (272)","DF","Calz. de Acoxpa #1666 Col. Ejidos de Villa Coapa",,"3"
"97","Sucursal Consulado (418)","DF","Av. Río Consulado #2355 Col. Simón Bolivar",,"3"
"98","Sucursal Cuitláhuac (253)","DF","Av. Cuitláhuac #372 Col. Sector Naval del Azcapotzalco",,"3"
"99","Sucursal Division Nte. (254)","DF","Av. Municipio Libre #314 Col. Nueva Santa Cruz Atoyac",,"3"
"100","Sucursal El Salado (286)","DF","Calz. Ignacio Zaragoza esq. a Salazar #3254 Col. La Colmena",,"3"
"101","Sucursal Eugenia (279)","DF","Eugenia esq. Gabriel Mancera #901 Col. Del Valle",,"3"
"102","Sucursal Iztapalapa (262)","DF","Calz. Ermita Iztapalapa #1863 Col. Los Ángeles",,"3"
"103","Sucursal La Viga (251)","DF","Calz. la Viga #1805 Col. Mexicaltzingo",,"3"
"104","Sucursal La Villa (255)","DF","Calz. de Guadalupe #192 Col. Vallejo Delg. Gustavo A Madero",,"3"
"105","Sucursal Lomas Virreyes (290)","DF","Águilas y Seijas #5 Col. Lomas Virreyes",,"3"
"106","Sucursal Metro Rosario (625)","DF","Avenida El Rosario #901 Col. Rosario Azcapotzalco",,"3"
"107","Sucursal Miramontes (300)","DF","Av. Canal de Miramontes #2600 Col. Exhacienda San Antonio Coapa",,"3"
"108","Sucursal Mixcoac (250)","DF","Miguel Angel #170 Col. Mixcoac delg. Benito Juarez",,"3"
"109","Sucursal Miyana (252)","DF","Av. Ejército Nacional #769-A Col. Centro",,"3"
"110","Sucursal Parque Delta (397)","DF","Av. Obrero Mundial #320 Col. Narvarte delg. Benito Juárez",,"3"
"111","Sucursal Plaza Cantil (419)","DF","Ave. Aztecas #270 Col. Los Reyes Coyoacán",,"3"
"112","Sucursal Rosario (261)","DF","Lázaro Cárdenas #1341 Col. Unidad del Rosario",,"3"
"113","Sucursal Tacubaya (257)","DF","José Morán esquina P.A. de los Santos #3 Col. San Miguel Chapultepec",,"3"
"114","Sucursal Tlálpan (259)","DF","Calz. de Tlalpan #2050 Col. Campestre Churubusco",,"3"
"115","Sucursal Torriello (284)","DF","Calz. de Tlálpan #4515 Col. Toriello Guerra delegación Tlálpan",,"3"
"116","Sucursal Viaducto (411)","DF","Av. Revolucion #169 Col. Tacubaya",,"3"
"117","Sucursal Zaragoza (269)","DF","Calz. Ignacio Zaragoza #1886 Col. Juan Escutia Del. Iztapalapa",,"3"
"118","Sucursal Aragón (268)","ESTADO DE MEXICO","Av. Central #263 Col. Fracc. Valle de Aragón",,"3"
"119","Sucursal Coacalco (163)","COACALCO DE BERRIOZABAL, Edo. de México."," Ave. Vial Lopez Portillo esq. 16 de Septiembre #34 Col. San Francisco, Coacalco",,"3"
"120","Sucursal Cofradías (188)","CUAUTITLAN IZCALLI, Edo. de México.","Ave. Huehuetoca #s/n Col. Claustos de San Miguel",,"3"
"121","Sucursal Cuautitlán (406)","CUAUTITLAN IZCALLI, Edo. de México","Av. Jiménez Cantú #S/N Col. Corredor Urbano Comercia",,"3"
"122","Sucursal Echegaray (260)","NAUCALPAN DE JUAREZ, Edo. de México","Gustavo Baz #250 Col. Bosques de Echegaray",,"3"
"123","Sucursal Ixtapaluca (169)","IXTAPALUCA, Edo. de México.","Carr. Fed. Mexico-cuautla ent. aut. Mexico-Puebla y Río San Fco. #1 Col. Ixtapaluca",,"3"
"124","Sucursal La Pilita (478)","METEPEC, Edo. de México. C.P. 52140","Hacienda La Quemada #500 N Col. Barrio San Mateo",,"3"
"125","Sucursal Lomas Verdes (258)","NAUCALPAN DE JUAREZ, Edo. de México.","Colina de la Paz #25 Col. Lomas Verdes",,"3"
"126","Sucursal Metepec (271)","METEPEC, Edo. de México. C.P. 52140","Leona Vicario esq. Guadalupe Victoria #916 Col. Plaz de las Americas Metepec",,"3"
"127","Sucursal Naucalpan (409)","NAUCALPAN DE JUAREZ, Edo. de México. C.P. 53000","Av. Morelos #8 Col. San Bartolo",,"3"
"247","SATUS ONLINE","AVENIDA MIGUEL ANGEL DE QUEVEDO 542","SANTA CATARINA","56589156","10"
"128","Sucursal Paseo La Joya (247)","CUAUTITLAN, Edo. de México. C.P. 54800","C. Fco. I Madero entre Tlaltepan y José Ma. Morelos",,"3"
"129","Sucursal Peri Norte (281)","CUAUTITLAN IZCALLI, Edo. de México. C.P. 54769","Carretera Mexico-Queretaro KM. 30.5 Col. Fracc. Haciendas del Parque",,"3"
"130","Sucursal Piramide (292)","ECATEPEC DE MORELOS, Edo. de México","Blvd. de los Aztecas esq. Tonathiuh #S/N Col. Ciudad Azteca",,"3"
"131","Sucursal Romero Rubio (405)","CUAUTITLAN IZCALLI, Edo. de México. C.P. 54700","Ave. 16 de Septiembre #106 Col. Cuautitlán Centro",,"3"
"132","Sucursal San Mateo (277)","NAUCALPAN DE JUAREZ, Edo. de México. C.P. 53240","Alcanfores esq. Av. de las Torres #61 Col. Fracc. Jardines de San Mateo",,"3"
"133","Sucursal Sendero Ecatepec (244)","ECATEPEC DE MORELOS, Edo. de México. C.P. 55064","Carr. México-Tepexpan esq. Los Reyes Texcoco #8 Col. San Isidro Atlautenco",,"3"
"134","Sucursal Sendero Toluca (197)","LERMA DE VILLADA, Edo. de México. C.P. 52000","Paseo Tolloacan #55 Col. Parque Industrial Lerma",,"3"
"135","Sucursal Valle de Bravo (628)","VALLE DE BRAVO, Edo. de México. C.P. 51200","Ave. Benito Juárez #311 Col. San Antonio",,"3"
"136","CHEDRAHUI AJUSCO","DF",,,"4"
"137","CHEDRAHUI ANFORA","DF",,,"4"
"138","CHEDRAHUI BUEN TONO","DF",,,"4"
"139","CHEDRAHUI CHURUBUSCO ZENTRALIA","DF",,,"4"
"140","CHEDRAHUI COAPA","DF",,,"4"
"141","CHEDRAHUI COPILCO","DF",,,"3"
"142","CHEDRAHUI CUAJIMALPA","DF",,,"4"
"143","CHEDRAHUI EDUARDO MOLINA","DF",,,"4"
"144","CHEDRAHUI  IZTAPALAPA","DF",,,"4"
"145","CHEDRAHUI  PLAZA AMERICAS","DF ",,,"4"
"146","CHEDRAHUI POLANCO SELECTO","DF",,,"4"
"147","CHEDRAHUI SAMARA SANTA FE SELECTO","DF",,,"4"
"148","CHEDRAHUI  SANTA FE SELECTO","DF",,,"3"
"149","CHEDRAHUI SUPER CHE CUAUTEPEC","DF",,,"4"
"150","SUPER CHE REFORMA","DF",,,"4"
"151","CHEDRAHUI   TENAYUCA","DF",,,"4"
"152","CHEDRAHUI TOREO SELECTO","DF",,,"4"
"153","CHEDRAHUI UNIVERSIDAD SELECTO","DF",,,"4"
"154","CHEDRAHUI ZARAGOZA","DF",,,"4"
"155","CHEDRAHUI XOCHIMILCO","DF",,,"4"
"156","OTRO","OTRO","OTRO","OTRO","5"
"157","MARTI CENTRO","D.F.","VENUSTIANO CARRANZA NO. 19  COL. CENTRO C.P. 06000 DELEG. CUAUHTEMOC",,"6"
"158","MARTI UNIVERSIDAD","DF","AV. UNIVERSIDAD NO. 1000, LOC. 35 AL 42, COL. GENERAL ANAYA, C.P. 03340, BENITO JUAREZ",,"6"
"159","MARTI PERISUR","DF","AV. PERIFÉRICO SUR 4690, LOC. 259 AL 261, COL. PEDREGAL DE SAN ÁNGEL, C.P.  04700 DELEG. COYOACAN ",,"6"
"160","MARTI POLANCIO","DF","HORACIO 232, COL. POLANCO, C.P. 11560, MIGUEL HIDALGO ",,"6"
"161","MARTI COYOACAN","DF","AV. COYOÁCAN 2000  LOC. 701, COL. XOCO, C.P. 03300 BENITO JUAREZ",,"6"
"162","MARTI LINDAVISTA","DF","AV. MONTEVIDEO 363, LOC. 121, COL. LINDAVISTA, C.P. 07300",,"6"
"163","MARTI PABELLON POLANCO","DF","AV. EJERCITO NACIONAL 980, LOC. 143, 144 Y 145, COL. CHAPULTEPEC MORALES, C.P. 11570 DELEG MIGUEL HIDALGO ",,"6"
"164","MARTI ZONA ROSA","DF","LONDRES 127 LOC. 56 AL 63, COL. JUÁREZ, C.P. 06600 DELEG CUAUHTEMOC",,"6"
"165","MARTI GALERIAS COAPA","DF","CANAL DE MIRAMONTES NO. 3122, LOC. 168, COL. EXHACIENDA COAPA, C.P. 14300 DELEG TLALPAN",,"6"
"166","MARTI PATIO SANTA FE","DF","AV. PASEO DE LA REFORMA 400 Loc. J04 COL. PENA BLANCA. DEL. ALVARO OBREGON. C.P 01120",,"6"
"167","MARTI SANTA FE","DF","AV. VASCO DE QUIROGA 3800, LOC. 223, COL. SANTA FE, C.P. 05109 DELEG CUAUHTEMOC",,"6"
"168","MARTI CITY SHOP DEL VALLE","DF","CITY SHOP DEL VALLE, FELIX CUEVAS 374 LC S07, Benito Juárez, Tlacoquemecatl del Valle, 03200 Ciudad de México, D.F.",,"6"
"169","MARTI EUREKA","DF","BOULEVARD ADOLFO LÓPEZ MATEOS  1181, COL. SAN PEDRO DE LOS PINOS, C.P. 01180 DELEG ALVARO OBREGON",,"6"
"170","MARTI INSURGENTES","DF","SAN LUIS POTOSÍ NO. 214, LOC. 110, C.P. 06700 DELEG. CUAUHTEMOC",,"6"
"171","MARTI BOLIVAR","DF","VENUSTIANO CARRANZA NO. 33, COL. CENTRO, C.P. 06000 DELEG CUAUHTEMOC",,"6"
"172","MARTI PEDREGAL","DF","BOULEVARD DE LAS CATARATAS NO. 29, COL. JARDÍNES DEL PEDREGAL C.P. 04500 DELEG COYOACAN",,"6"
"173","MARTI PARQUE DELTA","DF","AV. CUAUHTÉMOC NO. 462 LOCA. 138, COL. PIEDAD NARVARTE, C.P. 03000, DELEG BENITO JUAREZ",,"6"
"174","MARTI PATRIOTISMO","DF","PATRIOTISMO NO. 229, LOCAL SA – 01, COL. SAN PEDRO DE LOS PINOS, ENTRE CALLE 11 DE ABRIL Y ESQ. PUENTE LA MORENA DELEG ALVARO OBREGON",,"6"
"175","PARQUE LINDAVISTA","DF","CALLE COLECTOR B NO. 280, LOC. SA 04, COL. MAGDALENA DE LAS SALINAS, C.P. 07760 DELEG GUSTAVO A MADERO ",,"6"
"176","MARTI MIGUEL ANGEL DE QUEVEDO","DF","AV. MIGUEL ÁNGEL DE QUEVEDO 287, COL. ROMERO DE TERREROS, C.P. 04310 DELEG COYOACAN",,"6"
"177","MARTI PARQUE TEZONTLE","DF","AV. CANAL DE TEZONTLE NO. 1512, COL. ALFONSO ORTÍZ TIRADO, LOC. L32-33-34-37 DELEGACIÓN IZTAPALAPA, C.P. 09020",,"6"
"178","MARTI ACOXPA","DF","AV. ACOXPA 430, LOC., 70,71 Y 72, COL. VERGEL DEL SUR CP. 14340 DELEG TLALPAN",,"6"
"179","MARTI SAMARA","DF","AV. SANTA FÉ 94 LC AC 01-02-03, ESQ. ANTONIO DOVALI JAIME, COL. SANTA FÉ, DEL. ALVARO OBREGÓN, MÉXICO, D.F. C.P. 01210",,"6"
"180","MARTI CARSO","DF","CALLE LAGO ZURICH NO. 245 LOC. B-2, COL. AMPLIACIÓN GRANADA, DELEGACIÓN MIGUEL HIDALGO, CP 11529 ",,"6"
"181","MARTI GRAN SUR","DF","PERIFERICO SUR NO. 5550  COL. PEDREGAL CARRASCO Local: GS2 – 47  DEL. COYOACAN C.P 04700",,"6"
"182","MARTI BUENAVISTA","DF","EJE 1 NORTE MOSQUETA NO. 259 LC N1-11 PRIMER NÍVEL ESQ. AV. INSURGENTES NORTE ENTRE MARIANO AZUELA Y MERCURIO, COL. BUENAVISTA, DELG. CUAUHTEMOC C.P, 06350",,"6"
"183","MARTI AMERICA COAPA","DF","CALLE BENITO JUÁREZ NO. 117 LOC. ""C"", PB ESQ. AV. PROLONGACIÓN DIVISIÓN DEL NORTE, COL. EX HACIENDA COAPA, C.P. 04850",,"6"
"184","MARTI MULTIPLAZA ARAGON","ESTADO DE MEXICO","AVENIDA CARLOS HANK GONZALEZ, # 120 LC.  106AM,  PB ENTRE IGNACIO ZARAGOZA Y DE LOS GUERRERO, COL. FRACCIONAMIENTO RINCONADA DE ARAGÓN, ECATEPEC,  ESTADO DE MÉXICO, CP. 55140",,"6"
"185","MARTI SATELITE","ESTADO DE MEXICO","CIRCUITO CENTRO COMERCIAL SATÉLITE 2251, CIUDAD SATÉLITE, NAUCALPAN, EDO. DE MÉXICO, LOC. 208 AL 211, C.P. 53100",,"6"
"186","MARTI LOMAS ANAHUAC","ESTADO DE MEXICO","AV. MAGNA CENTRO LOTE 1 MANZANA 2, LOC. 3, COL. LOMAS ANAHÚAC, HUIXQUILUCAN, EDO. DE MÉXICO, C.P. 52760",,"6"
"187","MARTI PERINORTE","ESTADO DE MEXICO","AV. HACIENDA DE SIENA VIEJA NO. 2, LOCAL D-10, COL. HACIENDA DEL PARQUE, CUAUTITLAN IZCALLI, EDO. DE MÉXICO C.P. 54769",,"6"
"188","MARTI  TECAMACHALCO","ESTADO DE MEXICO","AV. DE LAS FUENTES NO. 190, COL. LOMAS DE TECAMACHALCO, C.P. 53950 - NAUCALPAN, EDO. DE MÉXICO",,"6"
"189","MARTI ECATEPEC","ESTADO DE MEXICO","AV. HANK GONZÁLEZ S/N, ESQ. PRIMERO DE MAYO, COL. JARDINES DE MORELOS, ECATEPEC, EDO. DE MÉXICO CP. 55070",,"6"
"190","MARTI ARBOLEDAS","ESTADO DE MEXICO","AUTOPISTA MÉXICO QUÉRETARO NO. 3985, COL. INDUSTRIAL TLANEPANTLA, ENTRE VÍA GUSTAVO BAS Y AUTOPISTA MÉXICO-QUÉRETARO, TLANEPANTLA, EDO. DE MÉXICO, C.P. 54030",,"6"
"191","MARTI ATIZAPAN","ESTADO DE MEXICO","AV. RUÍZ CORTINES NO. 255, MZ.2, LT, LT1, (ANTES 501) LOC. 354, COL. LAS MARGARITAS, ENTRE LIBRAMIENTO CHAMAPA LA QUEBRADA Y VÍA DR CP.52977  ATIZAPÁN DE ZARAGOZA, EDO. DE MÉXICO",,"6"
"192","MARTI NEZA","ESTADO DE MEXICO","CENTRO COMERCIAL CIUDAD JARDÍN NEZA, NEZAHUALCÓYOTL, EDO. DE MÉXICO CP. 57420",,"6"
"193","MARTI MUNDO E ","ESTADO DE MEXICO","BOULEVARD ÁVILA CAMACHO NO. 1007, LOC. 11 – B, COL. SAN LUCAS TEPETLACALCO, TLANEPANTLA, EDO. DE MÉXICO, C.P. 54055",,"6"
"194","MARTI INTERLOMAS","ESTADO DE MEXICO","VIALIDAD DE LA BARRANCA NO. 6 LC SA-N1 – 06, COL. EX HACIENDA JESÚS DEL MONTE, MUNICIPIO DE HUIXQUILUCAN, EDO. DE MÉXICO, C.P. 52772",,"6"
"195","MARTI TEXCOCO","ESTADO DE MEXICO","CENTRO COMERCIAL GRAN PATIO TEXCOCO AV. MIGUEL HIDALGO NO. 300 LOC. - J03 COL. SANTA CRUZ DE ARRIBA CP. 56120  MUNICIPIO DE TEXCOCO, EDO. DE MÉXICO",,"6"
"196","SAMS ACOXPA","DF","CALZ. ACOXPA #438, ESQ. CALZ DE GUADALUPE, COL. EXHADA COAPA,  C. P. 14300, DELG TLALPAN, DF.",,"7"
"197","SAMS UNIVERSIDAD","DF","MUNICIPIO LIBRE NO. 450 COL. SANTA CRUZ ATOYAC CP.03310 DELEG. BENITO JUAREZ",,"7"
"198","SAMS SAN JERONIMO","DF","AV. SAN JERÓNIMO 630 COL. LA OTRA BANDA; DELEG. ALVARO OBREGON, DF C.P.01090 ",,"7"
"199","SAMS SANTA FE ","DF ","AV. TAMAULIPAS 3000, COL. LA ROSITA. CUAJIMALPA MÉXICO, DF. C.P. 05340 ",,"7"
"200","SAMS POLANCI","DF","AV. EJÉRCITO NACIONAL 559, COL. GRANADA. DELEG. MIGUEL HIDALGO DF. C.P. 11520 ",,"7"
"201","SAMS PLAZA ORIENTE","DF","CANAL DE TEZONTLE 1520, COL. DR. ALFONSO ORTIZ TIRADO, DELG. IZTAPALAPA, DF C.P. 09020 ",,"7"
"202","SAMS TOREO","DF","BLVD. MANUEL AVILA CAMACHO 467, COL. PERIODISTAS. DELEG. MIGUEL HIDALGO, DF C.P. 11220 ",,"7"
"203","SAMS TEPEYAC","DF","CALZ. FERROCARRIL HIDALGO  # 431, COL. GUADALUPE TEPEYAC, DELG. GUSTAVO A. MADERO, MEXICO, DF CP 07840. ",,"7"
"204","SAMS CALZADA ZARAGOZA","DF","CALZADA IGNACIO ZARAGOZA 1385, TEPALCATES C. P 9210 IXTAPALA, D. F, CIUDAD DE MEXICO, DISTRITO FEDERAL ",,"7"
"205","SAMS EL ROSARIO","DF","AV. EL ROSARIO NO. 1025 ENTRE LAS CALLES AV. AQUILES SERDÁN Y AV. DEL PARQUE, COL. TIERRA NUEVA, C.P. 02430, DELEG. AZCAPOTZALCO, D.F., FRANCISCO I MADERO PRESIDENTE, DISTRITO FEDERAL",,"7"
"206","SAMS CUEMANCO","DF","DOM CAÑAVERALES No. 222 COL. GRANJAS COAPA , TLALPAN  DF CP. 14330",,"7"
"207","SAMS NICOLAS ROMERO","EDO MEX","BLVD. ARTURO MONTIEL ROJAS KM. 10 COL. AMPLIACIÓN VISTA HERMOSA CP 54414 NICOLÁS ROMERO, EDO. DE MEX, ",,"7"
"208","SAMS PATIO SANTA FE ","DF","AV. PROLONGACIÓN PASEO DE LA REFORMA NO. 400 COL. SANTA FE DEL. ÁLVARO OBREGÓN C.P. 01210, SANTA FE CIUDAD DE MEXICO, DISTRITO FEDERAL C.P. 1210",,"7"
"209","SAMS LA RAZA","DF","CIRCUITO INTERIOR  PASEO DE LAS JACARANDAS No. 375, COL. DEL GAS AMPLIACION, CIUDAD DE MEXICO  CP. 02970",,"7"
"210","SAMS MULTIPLAZA ARAGON","EDO MEX","""AV. HANK GONZÁLEZ NO. 120, COL RINCONADA DE ARAGÓN, EDO DE MÉXICO, RINCONADA DE ARAGON ECATEPEC DE MORELOS, MEXICO C.P. 55140 """,,"7"
"211","SAMS LOMAS VERDES","EDO MEX","SUPER AVENIDA LOMAS VERDES N°1200 3 Y 4 SECC. COL LOMAS VERDES, CP 53125, NAUCALPAN EDO. MEX.",,"7"
"212","SAMS LAS AMERICAS","EDO MEX","AV. CENTRAL ESQ. AV. 1ro. DE MAYO MZ. 4 LT. 1, COL. LAS AMÉRICAS C.P. 55075 ECATEPEC DE MORELOS, EDO. DE MÉXICO",,"7"
"213","SAMS CUAUTITLAN","EDO MEX","AV. PRIMERO DE MAYO 17, COL. CENTRO URBANO CUAUTITLÁN, IZCALLI, EDO. MÉXICO. C.P. 54730 ",,"7"
"214","SAMS SATELITE","EDO MEX","BLVD. MEX-QRO 1900, COL. VIVEROS DE LA LOMA, TLANEPANTLA, EDO. MÉXICO. C.P. 54080 ",,"7"
"215","SAMS COACALCO","EDO MEX","VÍA JOSÉ LÓPEZ PORTILLO 101-E, COL. ZACAUTITLA, COACALCO EDO. MÉXICO. C.P. 55700 ",,"7"
"216","SAMS CD JARDIN","EDO MEX","AV. VICTOR No. 3 ESQ. BORDO DE XOCHIACA COL. BENITO JUAREZ, NEZA C. P. 57000",,"7"
"217","SAMS HIPER PLAZA TEXCOCO","EDO MEX","HIDALGO No. 300, COL. SANTA CRUZ DE ARRIBA, C. P. 56120, TEXCOCO, EDO DE MEXICO",,"7"
"218","SAMS IXTAPALUCA","EDO MEX","CARR. MEXICO-CUAUTLA No. 3 ENTRE LA ESPINITA E IXTAPALUCA, COL GEO VILLAS DE SANTA BARBARA C. P. 56535, IXTAPALUCA, EDO DE MEXICO",,"7"
"219","SAMS PERIFERICO CUAUTITLAN","EDO MEX","AUTOPISTA MEX-QRO Km. 36.5 LT 1 S/N COL. PARQUE IND. CUAMATLA. SAN ISIDRO C. P. 54730",,"7"
"220","SAMS SANTA ELENA","EDO MEX","CARR. CUAUTITLAN-TULTEPEC Nº 2 COL. EL TERREMOTO ENTRE ST. LUCIA Y CAMINO VIEJO EL QUEMA, CUAUTITLAN, EDO DE MEXICO  C. P. 51201",,"7"
"221","SAMS TECAMAC","EDO MEX","CARR. MEX-PACHUCA, Km 36.5, ENTRE QUETZALCOATL Y TEMASCALCINGO, COL. HUEYOTENCO C. P. 51201, TECAMAC, ",,"7"
"222","SAMS TOLTECAS","EDO MEX","AV, HIDALGO S/N, ENTRE AV. HIDALGO Y AV. TOLTECAS, COL. IND TLAXCOLPAN. C. P. 54030, TLANEPANTLA DE BAZ",,"7"
"223","SAMS LAGO DE GUADALUPE","EDO MEX","LAGO DE GUADALUPE S/N ENTRE AUTOPISTA MEXICO- QRO Y TEXCATLIPOCA, COL. SAN PEDRO BARRIENTOS, TLANEPANTLA, EDO DE MEXICO. CP. 54010, TLANEPANTLA DE BAZ, EDO DE MEXICO",,"7"
"224","SAMS ZUMPANGO","EDO MEX","CARR ZUMPANGO-LOS REYES S/N COL. BUENAVISTA, EDO DE MEXICO CP. 55635, ZUMPANGO, EDO DE MEXICO.",,"7"
"225","SAMS ECATEPEC","EDO MEX","AV. REVOLUCION S/N COL. SAN CRISTOBAL, CENTRO DE ECATEPEC, EDO DE MEXICO CP. 55000",,"7"
"226","SAMS HUIXQUILUCAN","EDO MEX","BLVD. PASEO DE INTERLOMAS  No. 5 COL. GREEN  HOUSE, HUIXQUILUCAN, EDO DE MEXICO CP. 52779",,"7"
"227","SAMS RIO DE LOS REMEDIOS","EDO MEX","AV. RIO DE LOS REMEDIOS N° 5, ENTRE VIDRIO PLANO Y ACUEDUCTO DE GUADALUPE COL. EX-RANCHO",,"7"
"228","COSTCO  COAPA","DF","CALLE PUENTE 186, COL. AMSA TLALPAN C. P. 14380",,"8"
"229","COSTCO MIXCOAC","DF","ADOLFO LOPEZ MATEOS 1181, COL. SAN PEDRO DE LOS PINOS, ALVARO OBREGON, C. P. 1180",,"8"
"230","COSTCO POLANCO","DF","BLVD. MIGUEL DE C.SAAVEDRA 397, COL. IRRIGACION MIGUEL HIDALGO C. P. 11500",,"8"
"231","COSTCO INTERLOMAS","ESTADO DE MEXICO","BLVD. MAGNOCENTRO 4, COL. SAN FERNANDO LA HERRADURA HUIXQUILUCAN,  C. P. 52760",,"8"
"232","COSTCO  SATELITE","ESTADO DE MEXICO","CTO. CTRO.COMERCIAL 2001 , COL  CD. SATELITE, NAUCALPAL.  C. P. 53100",,"8"
"233","COSTCO ABOLEDAS","ESTADO DE MEXICO","AV. SAN NICOLAS 10, COL. FRACC. SAN NICOLAS TLAXCOLPAN, TLANEPANTLA,  C. P. 54030",,"8"
"234","MERIDA","MERIDA YUCATAN","CALLE 21 # 371  MERIDA YUCATAN",,"1"
"235","Bodega Aurrera Martínez de la Torre 4194 ","Veracruz ","Melchor Ocampo No. 803 Col. Ejidal. C.P. 93600","232-3735136 ext. 103","9"
"236","San Luis Potosí",,,,"1"
"237","Mega diamante 329","guerrero","Boulevard de las   Naciones  No. 52  Fracc. Granjas del Márquez  Acapulco de Juárez",,"2"
"238","LOMAS DE LA PRESA","TIJUANA","Boulevard Gustavo Diaz Ordaz N° 17813, Esquina Rey Carlos, Colonia los Reyes, Tijuana, Baja California, C.P. 22125",,"9"
"239","CELAYA III","CELAYA","AV. DE LAS TORRES Y AV. TECNOLOGICO, FRACC. DEL PARQUE. C.P. 38010","045461 190 1947","2"
"240","WALMART AV.SENDERO DIVISORIO ","NUEVO LEON ","AV.SENDERO DIVISORIO No.200 COL. VALLE DE LAS ALAMEDAS C.P. 66417 ",,"1"
"241","Walmart Irapuato","Irapuato","Walmart Irapuato, Paseo Irapuato 1609, San Gabriel, 36640 Irapuato, Gto",,"1"
"242","WM.COM","MEXICO","MEXICO","53353837","1"
"243","SC 3554 Mil Cumbres ","Morelia, Mich","Av. Camelinas 3352, Jardines del Rincón, 58270 Morelia, Mich","443) 333-22 89","1"
"244","Bodega Av Las Torres","Culiacan , Sinaloa.","Boulevard  Paseos de los Ganaderos 2320, Col. Prados del So","(667)74-55-717","9"
"245","BA TINTERO","QUERETARO","Av. Revolución No. 413, Col. Felipe Carrillo Puerto, C.P. 76138, Querétaro, Qro.","01 (442) 2202484","9"
"246","Santa Clara","Ecatepec de Morelos","Carr. Méx.- Pach Km 17.5 / No. 3277 / Col. Santa Ma. Tulpetlac / CP 55400 / Ecatepec de Morelos / Edo. de Méx.","57-76-11-98","9"
"248","MERCADO LIBRE","CDMX","ONLINE","5335 3837","11"
"249","CIUDAD LABOR","ESTADO DE MÉXICO","Boulevard Reforma 42, Cd Labor, 54944 Buenavista, Méx.",,"4"
"250","FITNESS DIGITAL","San Luis Potosí","Himalaya Nº 1018 Planta Alta, Col. Lomas 4ª Sección 78216, San Luis Potosí","444 246 7799","11"
