"2593","**Cambio de tecnico (Tecnico01 a CARLOS_HDZLOCAL)","-200","1/8/2019 16:54:34.705343+00","3","1815","11"
"2592","**Nuevo tecnico (FORANEO)","-200","30/7/2019 20:16:53.029935+00","3","1820","11"
"2591","**Cambio de tecnico (Tecnico01 a IJIMENEZ)","-200","30/7/2019 18:26:12.081212+00","3","1798","11"
"2590","**Cambio de tecnico (FORANEO a JAVIER_CHETUMAL)","-200","30/7/2019 18:16:17.858983+00","3","1808","11"
"2589","**Nuevo tecnico (Tecnico01)","-200","29/7/2019 23:25:13.659527+00","3","1819","12"
"2588","**Nuevo tecnico (Tecnico01)","-200","29/7/2019 23:22:31.992531+00","3","1818","12"
"2587","**Cambio de tecnico (Tecnico01 a CARLOS_HDZLOCAL)","-200","29/7/2019 19:50:52.216441+00","3","1679","9"
"2586","**Cambio de tecnico (Tecnico01 a CARLOS_HDZLOCAL)","-200","29/7/2019 19:50:29.779318+00","3","1814","11"
"2585","**Nuevo tecnico (CARLOS_HDZLOCAL)","-200","29/7/2019 18:21:04.760737+00","3","1817","11"
"2584","**Nuevo tecnico (CESAR_MONTERREY)","-200","29/7/2019 18:13:52.479511+00","3","1816","11"
"2583","**Nuevo tecnico (Tecnico01)","-200","29/7/2019 15:16:40.255005+00","3","1815","11"
"2582","**Nuevo tecnico (Tecnico01)","-200","26/7/2019 18:14:24.462411+00","3","1814","11"
"2581","**Nuevo tecnico (IJIMENEZ)","-200","26/7/2019 15:32:34.115973+00","3","1813","11"
"2580","**Nuevo tecnico (JOSELUIS_PUEBLA)","-200","25/7/2019 19:56:10.211033+00","3","1812","11"
"2579","**Nuevo tecnico (FORANEO)","-200","25/7/2019 17:29:01.173819+00","3","1811","9"
"2578","**Nuevo tecnico (IJIMENEZ)","-200","24/7/2019 22:15:55.331227+00","3","1810","11"
"2577","**Nuevo tecnico (Tecnico01)","-200","24/7/2019 16:33:35.237875+00","3","1809","11"
"2576","**Nuevo tecnico (FORANEO)","-200","23/7/2019 22:30:00.717216+00","3","1808","11"
"2575","**Nuevo tecnico (Tecnico01)","-200","23/7/2019 22:01:15.40367+00","3","1807","12"
"2574","**Nuevo tecnico (Tecnico01)","-200","23/7/2019 21:58:30.060881+00","3","1806","12"
"2573","**Nuevo tecnico (FORANEO)","-200","23/7/2019 21:42:37.5399+00","3","1805","11"
"2572","**Cambio de tecnico (Tecnico01 a FORANEO)","-200","23/7/2019 19:48:59.609577+00","3","1804","11"
"2571","**Nuevo tecnico (Tecnico01)","-200","23/7/2019 19:48:53.69164+00","3","1804","11"
"2570","**Nuevo tecnico (IJIMENEZ)","-200","22/7/2019 22:54:56.414984+00","3","1803","11"
"2569","**Nuevo tecnico (CARLOS_HDZLOCAL)","-200","22/7/2019 21:58:50.035102+00","3","1802","11"
"2568","**Cambio de tecnico (IJIMENEZ a Tecnico01)","-200","22/7/2019 20:31:37.050829+00","3","1800","11"
"2567","**Cambio de tecnico (Tecnico01 a IJIMENEZ)","-200","22/7/2019 20:23:12.117149+00","3","1801","11"
"2566","**Nuevo tecnico (Tecnico01)","-200","22/7/2019 19:57:22.019239+00","3","1801","11"
"2565","**Nuevo tecnico (IJIMENEZ)","-200","22/7/2019 18:39:39.041671+00","3","1800","11"
"2564","**Cambio de tecnico (Tecnoservicio a RICARDO.HNDZ)","-200","22/7/2019 17:21:49.299596+00","3","1785","11"
"2563","**Cambio de tecnico (IJIMENEZ a CARLOS_HDZLOCAL)","-200","18/7/2019 22:31:47.2337+00","3","1799","9"
"2562","**Cambio de tecnico (Tecnico01 a IJIMENEZ)","-200","18/7/2019 22:28:47.402953+00","3","1799","9"
"2561","**Nuevo tecnico (Tecnico01)","-200","18/7/2019 22:24:47.074792+00","3","1799","9"
"2560","**Nuevo tecnico (Tecnico01)","-200","18/7/2019 17:35:49.92513+00","3","1798","11"
"2559","**Nuevo tecnico (Tecnico01)","-200","18/7/2019 15:17:19.323589+00","3","1797","12"
"2558","**Cambio de tecnico (Tecnoservicio a RICARDO.HNDZ)","-200","18/7/2019 14:42:31.480242+00","3","1795","11"
"2557","**Nuevo tecnico (GABRIEL_MERIDA)","-200","17/7/2019 14:24:21.386533+00","3","1796","9"
"2556","**Nuevo tecnico (Tecnoservicio)","-200","15/7/2019 22:41:56.633488+00","3","1795","11"
"2555","**Nuevo tecnico (IJIMENEZ)","-200","15/7/2019 21:48:41.929012+00","3","1794","11"
"2554","**Cambio de tecnico (MARTIN_VER a ISAU_XALAPA)","-200","15/7/2019 18:48:27.337704+00","3","1784","11"
"2553","**Cambio de tecnico (FORANEO a ANTONIO_TEPIC)","-200","15/7/2019 18:18:27.456341+00","3","1662","9"
"2552","**Cambio de tecnico (Tijuana01 a ISIDRO_TIJUANA)","-200","15/7/2019 15:27:50.342319+00","3","1793","9"
"2551","**Cambio de tecnico (FORANEO a Tijuana01)","-200","15/7/2019 14:13:50.655395+00","3","1793","9"
"2550","**Nuevo tecnico (FORANEO)","-200","15/7/2019 14:10:08.663488+00","3","1793","9"
"2549","**Cambio de tecnico (Tecnoservicio a IJIMENEZ)","-200","12/7/2019 15:29:38.129316+00","3","1792","12"
"2548","**Nuevo tecnico (Tecnoservicio)","-200","12/7/2019 15:22:55.489596+00","3","1792","12"
"2547","**Nuevo tecnico (JPEREZ_GUADALAJARA)","-200","11/7/2019 22:20:52.658987+00","3","1791","9"
"2546","**Nuevo tecnico (Tecnico01)","-200","11/7/2019 16:24:33.867791+00","3","1790","12"
"2545","**Cambio de tecnico (FORANEO a MARTIN_VER)","-200","10/7/2019 20:06:35.148202+00","3","1784","11"
"2544","**Nuevo tecnico (Tecnico01)","-200","10/7/2019 18:47:30.525978+00","3","1789","12"
"2543","**Icon servicio","609","10/7/2019 18:47:30.517357+00","3","1789","12"
"2542","**Nuevo tecnico (Tecnico01)","-200","10/7/2019 15:41:49.511561+00","3","1788","12"
"2541","**Nuevo tecnico (Tecnico01)","-200","10/7/2019 15:40:05.732633+00","3","1787","12"
"2540","**Nuevo tecnico (IJIMENEZ)","-200","10/7/2019 14:22:10.68881+00","3","1786","11"
"2539","**Nuevo tecnico (Tecnoservicio)","-200","9/7/2019 20:44:17.850158+00","3","1785","11"
"2538","**Cambio de tecnico (MARTIN_VER a FORANEO)","-200","9/7/2019 19:51:32.733003+00","3","1784","11"
"2537","**Nuevo tecnico (MARTIN_VER)","-200","9/7/2019 19:50:56.436715+00","3","1784","11"
"2536","**Nuevo tecnico (IJIMENEZ)","-200","9/7/2019 19:30:54.466662+00","3","1783","11"
"2535","**Nuevo tecnico (Tecnico01)","-200","9/7/2019 15:50:28.420924+00","3","1782","12"
"2534","**Nuevo tecnico (Tecnico01)","-200","8/7/2019 22:10:55.467739+00","3","1781","12"
"2533","**Nuevo tecnico (Tecnico01)","-200","8/7/2019 22:04:05.15317+00","3","1780","12"
"2532","**Nuevo tecnico (Tecnico01)","-200","8/7/2019 21:48:04.044839+00","3","1779","12"
"2531","**Nuevo tecnico (Tecnico01)","-200","8/7/2019 21:41:09.720438+00","3","1778","12"
"2530","**Nuevo tecnico (JOSELUIS_PUEBLA)","-200","8/7/2019 18:22:40.468605+00","3","1777","9"
"2529","**Nuevo tecnico (JOSELUIS_PUEBLA)","-200","8/7/2019 18:19:34.377549+00","3","1776","9"
"2528","**Nuevo tecnico (IJIMENEZ)","-200","8/7/2019 17:33:35.118859+00","3","1775","11"
"2527","**Cambio de tecnico (CARLOS_HDZLOCAL a IJIMENEZ)","-200","8/7/2019 16:23:48.444291+00","3","1773","11"
"2526","**Cambio de tecnico (FORANEO a EDUARDO_COLIMA)","-200","4/7/2019 22:57:06.398175+00","3","1706","11"
"2525","**Cambio de tecnico (EDUARDO_COLIMA a Tecnico01)","-200","4/7/2019 22:56:43.993879+00","3","1746","11"
"2524","**Cambio de tecnico (Tecnico01 a EDUARDO_COLIMA)","-200","4/7/2019 22:56:27.480655+00","3","1746","11"
"2523","**Nuevo tecnico (FORANEO)","-200","4/7/2019 22:24:32.834538+00","3","1774","9"
"2522","**Nuevo tecnico (CARLOS_HDZLOCAL)","-200","4/7/2019 21:46:14.852805+00","3","1773","11"
"2521","**Nuevo tecnico (Tecnico01)","-200","4/7/2019 19:29:21.895611+00","3","1772","12"
"2520","**Nuevo tecnico (Tecnico01)","-200","4/7/2019 19:21:59.530693+00","3","1771","12"
"2519","**Nuevo tecnico (JOSELUIS_PUEBLA)","-200","4/7/2019 14:32:43.769522+00","3","1770","11"
"2518","**Nuevo tecnico (Tecnico01)","-200","2/7/2019 21:13:12.567585+00","3","1769","9"
"2517","**Nuevo tecnico (Tecnico01)","-200","2/7/2019 20:32:02.580571+00","3","1768","12"
"2516","**Nuevo tecnico (Tecnico01)","-200","2/7/2019 18:04:57.007083+00","3","1767","12"
"2515","**Nuevo tecnico (Tecnico01)","-200","2/7/2019 17:59:58.512863+00","3","1766","12"
"2514","**Nuevo tecnico (Tecnico01)","-200","2/7/2019 17:59:57.153364+00","3","1765","12"
"2513","**Nuevo tecnico (CARLOS_HDZLOCAL)","-200","1/7/2019 23:11:18.563389+00","3","1764","11"
"2512","**Nuevo tecnico (IJIMENEZ)","-200","1/7/2019 23:06:12.820897+00","3","1763","11"
"2511","**Cambio de tecnico (Tecnico01 a CARLOS_HDZLOCAL)","-200","1/7/2019 22:58:55.516812+00","3","1762","11"
"2510","**Cambio de tecnico (Tecnico01 a CARLOS_HDZLOCAL)","-200","1/7/2019 22:58:10.586633+00","3","1761","11"
"2509","**Nuevo tecnico (Tecnico01)","-200","1/7/2019 22:54:39.530229+00","3","1762","11"
"2508","**Nuevo tecnico (Tecnico01)","-200","1/7/2019 22:46:32.406152+00","3","1761","11"
"2507","**Nuevo tecnico (JOSELUIS_PUEBLA)","-200","1/7/2019 20:29:02.680478+00","3","1760","11"
"2506","**Nuevo tecnico (Tecnico01)","-200","1/7/2019 16:27:33.841496+00","3","1759","12"
"2505","**Nuevo tecnico (Tecnico01)","-200","1/7/2019 16:24:38.82253+00","3","1758","12"
"2504","**Nuevo tecnico (Tecnico01)","-200","1/7/2019 16:21:27.248871+00","3","1757","12"
"2503","**Nuevo tecnico (IJIMENEZ)","-200","1/7/2019 15:14:18.096213+00","3","1756","9"
"2502","**Cambio de tecnico (CARLOS_HDZLOCAL a RAMIRO_LOCAL)","-200","1/7/2019 15:09:44.865245+00","3","1755","11"
"2501","**Nuevo tecnico (CARLOS_HDZLOCAL)","-200","1/7/2019 14:34:47.257081+00","3","1755","11"
"2500","**Nuevo tecnico (Tecnico01)","-200","29/6/2019 16:16:21.947324+00","3","1754","12"
"2499","**Nuevo tecnico (IJIMENEZ)","-200","29/6/2019 14:33:11.112975+00","3","1753","11"
"2498","**Nuevo tecnico (JOSELUIS_PUEBLA)","-200","28/6/2019 19:10:10.933123+00","3","1752","11"
"2497","**Nuevo tecnico (Tecnico01)","-200","28/6/2019 16:18:26.831004+00","3","1751","11"
"2496","**Nuevo tecnico (Tecnico01)","-200","28/6/2019 14:08:49.187468+00","3","1750","12"
"2495","**Cambio de tecnico (FORANEO a JOSELUIS_PUEBLA)","-200","27/6/2019 21:15:40.258665+00","3","1749","11"
"2494","**Nuevo tecnico (FORANEO)","-200","27/6/2019 21:14:25.811956+00","3","1749","11"
"2493","**Nuevo tecnico (Tecnico01)","-200","27/6/2019 20:57:47.999745+00","3","1748","12"
"2492","**Cambio de tecnico (Tecnico01 a IJIMENEZ)","-200","27/6/2019 19:38:55.48549+00","3","1738","11"
"2491","**Nuevo tecnico (IJIMENEZ)","-200","27/6/2019 18:19:31.902104+00","3","1747","11"
"2490","**Nuevo tecnico (Tecnico01)","-200","27/6/2019 16:35:37.058203+00","3","1746","11"
"2489","**Nuevo tecnico (Tecnico01)","-200","27/6/2019 14:12:23.221825+00","3","1745","9"
"2488","**Nuevo tecnico (Tecnico01)","-200","26/6/2019 19:42:26.212864+00","3","1744","11"
"2487","**Nuevo tecnico (IJIMENEZ)","-200","26/6/2019 16:26:11.11794+00","3","1743","9"
"2486","**Nuevo tecnico (Tecnico01)","-200","26/6/2019 16:13:49.744765+00","3","1742","9"
"2485","**Nuevo tecnico (Tecnico01)","-200","26/6/2019 14:42:35.437085+00","3","1741","12"
"2484","**Nuevo tecnico (Tecnico01)","-200","26/6/2019 14:40:05.790299+00","3","1740","12"
"2483","**Nuevo tecnico (Tecnico01)","-200","26/6/2019 14:37:28.794248+00","3","1739","12"
"2482","**Nuevo tecnico (Tecnico01)","-200","26/6/2019 14:34:11.310286+00","3","1738","11"
"2481","**Cambio de tecnico (Tecnico01 a CARLOS_HDZLOCAL)","-200","25/6/2019 21:54:00.604178+00","3","1737","11"
"2480","**Nuevo tecnico (Tecnico01)","-200","25/6/2019 21:51:27.180151+00","3","1737","11"
"2479","**Cambio de tecnico (FORANEO a JOSELUIS_PUEBLA)","-200","25/6/2019 17:21:30.993742+00","3","1696","11"
"2478","**Nuevo tecnico (Tecnico01)","-200","25/6/2019 15:09:44.193009+00","3","1736","12"
"2477","**Nuevo tecnico (Tecnico01)","-200","24/6/2019 18:22:20.276582+00","3","1735","11"
"2476","**Nuevo tecnico (Tecnico01)","-200","24/6/2019 16:36:57.649873+00","3","1734","12"
"2475","**Nuevo tecnico (Tecnico01)","-200","24/6/2019 16:10:59.402482+00","3","1733","11"
"2474","**Nuevo tecnico (Tecnico01)","-200","21/6/2019 22:47:03.918693+00","3","1732","12"
"2473","**Nuevo tecnico (FORANEO)","-200","21/6/2019 21:18:30.827953+00","3","1731","11"
"2472","**Nuevo tecnico (FORANEO)","-200","20/6/2019 22:57:17.485691+00","3","1730","11"
"2471","**Nuevo tecnico (ERIC_CHIHUAHUA)","-200","20/6/2019 20:38:26.12629+00","3","1729","11"
"2470","**Nuevo tecnico (Tecnico01)","-200","20/6/2019 20:17:54.36244+00","3","1728","12"
"2469","**Cambio de tecnico (CARLOS_HDZLOCAL a RAMIRO_LOCAL)","-200","20/6/2019 20:15:26.075691+00","3","1671","11"
"2468","**Nuevo tecnico (Tecnico01)","-200","20/6/2019 20:09:08.16628+00","3","1727","12"
"2467","**Nuevo tecnico (Tecnico01)","-200","20/6/2019 20:03:27.107047+00","3","1726","12"
"2466","**Nuevo tecnico (FORANEO)","-200","20/6/2019 16:45:23.790238+00","3","1725","9"
"2465","**Nuevo tecnico (Tecnoservicio)","-200","19/6/2019 21:27:58.659991+00","3","1724","12"
"2464","**Nuevo tecnico (IJIMENEZ)","-200","19/6/2019 18:11:10.704395+00","3","1723","11"
"2463","**Nuevo tecnico (FORANEO)","-200","19/6/2019 13:47:26.775312+00","3","1722","9"
"2462","**Cambio de tecnico (FORANEO a ARTURO_CULIACAN)","-200","18/6/2019 20:31:33.265969+00","3","1721","11"
"2461","**Nuevo tecnico (FORANEO)","-200","18/6/2019 20:28:08.447287+00","3","1721","11"
"2460","**Nuevo tecnico (CARLOS_HDZLOCAL)","-200","18/6/2019 18:27:32.38198+00","3","1720","11"
"2459","**Nuevo tecnico (Tecnico01)","-200","18/6/2019 17:21:26.461282+00","3","1719","12"
"2458","**Nuevo tecnico (Tecnico01)","-200","18/6/2019 16:05:10.321015+00","3","1718","11"
"2457","**Nuevo tecnico (ARTURO_CULIACAN)","-200","18/6/2019 15:45:58.966717+00","3","1717","11"
"2456","**Nuevo tecnico (ARTURO_CULIACAN)","-200","18/6/2019 15:41:03.629147+00","3","1716","11"
"2455","**Nuevo tecnico (ARTURO_CULIACAN)","-200","18/6/2019 15:35:10.985016+00","3","1715","11"
"2454","**Nuevo tecnico (ARTURO_CULIACAN)","-200","18/6/2019 15:34:46.637144+00","3","1714","11"
"2453","**Nuevo tecnico (ARTURO_CULIACAN)","-200","18/6/2019 15:34:29.1256+00","3","1713","11"
"2452","**Nuevo tecnico (ARTURO_CULIACAN)","-200","18/6/2019 15:30:34.027856+00","3","1712","11"
"2451","**Nuevo tecnico (ARTURO_CULIACAN)","-200","18/6/2019 15:26:17.55612+00","3","1711","11"
"2450","**Cambio de tecnico (Tecnico01 a ARTURO_CULIACAN)","-200","18/6/2019 15:23:52.934704+00","3","1710","11"
"2449","**Cambio de tecnico (Tecnico01 a ARTURO_CULIACAN)","-200","18/6/2019 15:23:23.266396+00","3","1709","11"
"2448","**Nuevo tecnico (Tecnico01)","-200","18/6/2019 15:22:51.394083+00","3","1710","11"
"2447","**Nuevo tecnico (Tecnico01)","-200","18/6/2019 15:19:06.8702+00","3","1709","11"
"2446","**Cambio de tecnico (Tecnico01 a RAMIRO_LOCAL)","-200","18/6/2019 14:34:33.342253+00","3","1684","9"
"2445","**Nuevo tecnico (Tecnico01)","-200","17/6/2019 17:14:56.263929+00","3","1708","12"
"2444","**Nuevo tecnico (CARLOS_HDZLOCAL)","-200","15/6/2019 17:39:01.213737+00","3","1707","11"
"2443","**Nuevo tecnico (FORANEO)","-200","15/6/2019 17:34:24.074656+00","3","1706","11"
"2442","**Nuevo tecnico (Tecnico01)","-200","15/6/2019 15:13:48.574527+00","3","1705","11"
"2441","**Orden de armado","333.5","15/6/2019 15:13:48.556055+00","3","1705","11"
"2440","**Cambio de tecnico (CARLOS_HDZLOCAL a IJIMENEZ)","-200","13/6/2019 21:27:17.043965+00","3","1702","9"
"2439","**Nuevo tecnico (CARLOS_HDZLOCAL)","-200","13/6/2019 17:47:22.648063+00","3","1704","11"
"2438","**Nuevo tecnico (MARTIN_VER)","-200","13/6/2019 14:32:00.678616+00","3","1703","11"
"2437","**Nuevo tecnico (CARLOS_HDZLOCAL)","-200","12/6/2019 18:02:34.026217+00","3","1702","9"
"2436","**Nuevo tecnico (Tecnico01)","-200","12/6/2019 17:39:07.663932+00","3","1701","12"
"2435","**Nuevo tecnico (CARLOS_HDZLOCAL)","-200","12/6/2019 16:02:45.699101+00","3","1700","11"
"2434","**Nuevo tecnico (FORANEO)","-200","12/6/2019 15:53:52.231804+00","3","1699","11"
"2433","**Nuevo tecnico (Tecnico01)","-200","12/6/2019 14:23:27.048853+00","3","1698","11"
"2432","**Nuevo tecnico (IJIMENEZ)","-200","11/6/2019 23:15:08.031877+00","3","1697","11"
"2431","**Nuevo tecnico (FORANEO)","-200","11/6/2019 19:07:39.307+00","3","1696","11"
"2430","**Nuevo tecnico (FRANCISCOFONG_MOCHIS)","-200","11/6/2019 17:46:12.688558+00","3","1695","11"
"2429","**Cambio de tecnico (Tecnico01 a CARLOS_HDZLOCAL)","-200","11/6/2019 16:28:00.899471+00","3","1493","20"
"2428","**Nuevo tecnico (Tecnico01)","-200","11/6/2019 16:21:42.369907+00","3","1694","12"
"2427","**Nuevo tecnico (Tecnico01)","-200","11/6/2019 16:12:57.678676+00","3","1693","12"
"2426","**Nuevo tecnico (CARLOS_HDZLOCAL)","-200","10/6/2019 22:35:53.477719+00","3","1692","9"
"2425","**Cambio de tecnico (CARLOS_HDZLOCAL a IJIMENEZ)","-200","10/6/2019 21:25:19.334937+00","3","1683","11"
"2424","**Cambio de tecnico (Tecnico01 a CARLOS_HDZLOCAL)","-200","10/6/2019 21:17:23.854769+00","3","1683","11"
"2423","**Cambio de tecnico (Tecnico01 a CARLOS_HDZLOCAL)","-200","10/6/2019 21:16:43.190681+00","3","1681","9"
"2422","**Nuevo tecnico (Tecnico01)","-200","10/6/2019 20:29:17.587524+00","3","1691","11"
"2421","**Nuevo tecnico (CARLOS_HDZLOCAL)","-200","10/6/2019 20:04:33.582469+00","3","1690","9"
"2420","**Nuevo tecnico (Tecnico01)","-200","10/6/2019 18:08:12.176044+00","3","1689","9"
"2419","**Nuevo tecnico (FORANEO)","-200","10/6/2019 18:05:12.723536+00","3","1688","9"
"2418","**Nuevo tecnico (FORANEO)","-200","10/6/2019 17:59:49.67617+00","3","1687","9"
"2417","**Nuevo tecnico (FORANEO)","-200","10/6/2019 17:40:46.987995+00","3","1686","9"
"2416","**Nuevo tecnico (Tecnico01)","-200","10/6/2019 15:33:50.982301+00","3","1685","12"
"2415","**Nuevo tecnico (Tecnico01)","-200","10/6/2019 15:21:19.32098+00","3","1684","9"
"2414","**Nuevo tecnico (Tecnico01)","-200","10/6/2019 14:11:53.800096+00","3","1683","11"
"2413","**Nuevo tecnico (SERGIO_IRAPUATO)","-200","8/6/2019 17:19:11.858405+00","3","1682","11"
"2412","**Nuevo tecnico (Tecnico01)","-200","7/6/2019 22:25:37.035793+00","3","1681","9"
"2411","**Nuevo tecnico (FORANEO)","-200","7/6/2019 21:10:04.869682+00","3","1680","9"
"2410","**Nuevo tecnico (Tecnico01)","-200","7/6/2019 20:46:31.541538+00","3","1679","9"
"2409","**Nuevo tecnico (FORANEO)","-200","7/6/2019 18:22:44.11507+00","3","1678","9"
"2408","**Nuevo tecnico (ANTONIO_TEPIC)","-200","7/6/2019 18:01:37.788181+00","3","1677","9"
"2407","**Nuevo tecnico (Tecnico01)","-200","7/6/2019 17:29:01.929295+00","3","1676","12"
"2406","**Nuevo tecnico (Tecnico01)","-200","7/6/2019 17:26:44.132999+00","3","1675","12"
"2405","**Nuevo tecnico (Tecnico01)","-200","6/6/2019 21:00:50.046034+00","3","1674","11"
"2404","**Nuevo tecnico (ARTURO_TORREON)","-200","6/6/2019 17:49:25.527784+00","3","1673","11"
"2403","**Orden de armado","333.5","6/6/2019 17:49:25.511079+00","3","1673","11"
"2402","**Nuevo tecnico (Tecnico01)","-200","5/6/2019 17:16:09.295389+00","3","1672","9"
"2401","**Nuevo tecnico (CARLOS_HDZLOCAL)","-200","4/6/2019 18:53:07.225049+00","3","1671","11"
"2400","**Nuevo tecnico (CARLOS_HDZLOCAL)","-200","4/6/2019 18:05:27.921245+00","3","1670","11"
"2399","**Cambio de tecnico (FORANEO a SERGIO_IRAPUATO)","-200","4/6/2019 17:49:28.935719+00","3","1638","11"
"2398","**Nuevo tecnico (CARLOS_HDZLOCAL)","-200","3/6/2019 22:29:55.758712+00","3","1669","9"
"2397","**Nuevo tecnico (Tecnico01)","-200","3/6/2019 16:35:00.364802+00","3","1668","11"
"2396","**Nuevo tecnico (Tecnico01)","-200","3/6/2019 15:54:50.357707+00","3","1667","12"
"2395","**Nuevo tecnico (Tecnico01)","-200","3/6/2019 15:50:30.625757+00","3","1666","12"
"2394","**Nuevo tecnico (Tecnico01)","-200","3/6/2019 15:46:25.137235+00","3","1665","12"
"2393","**Nuevo tecnico (Tecnico01)","-200","3/6/2019 15:41:56.792119+00","3","1664","12"
"2392","**Nuevo tecnico (Tecnico01)","-200","31/5/2019 19:30:54.715963+00","3","1663","12"
"2391","**Icon servicio","609","31/5/2019 19:30:54.704598+00","3","1663","12"
"2390","**Nuevo tecnico (FORANEO)","-200","31/5/2019 17:14:20.478565+00","3","1662","9"
"2389","**Cambio de tecnico (guadalajara01 a FORANEO)","-200","30/5/2019 22:03:08.610459+00","3","571","11"
"2388","**Nuevo tecnico (Tecnico01)","-200","30/5/2019 16:03:41.326079+00","3","1661","12"
"2387","**Nuevo tecnico (Tecnico01)","-200","30/5/2019 15:59:47.290886+00","3","1660","12"
"2386","**Nuevo tecnico (Tecnico01)","-200","30/5/2019 15:51:20.978896+00","3","1659","12"
"2385","**Nuevo tecnico (Tecnico01)","-200","30/5/2019 15:47:59.27223+00","3","1658","12"
"2384","**Nuevo tecnico (JOSELUIS_PUEBLA)","-200","29/5/2019 18:54:18.142333+00","3","1657","11"
"2383","**Nuevo tecnico (CARLOS_HDZLOCAL)","-200","29/5/2019 17:50:19.191887+00","3","1656","11"
"2382","**Nuevo tecnico (CARLOS_HDZLOCAL)","-200","29/5/2019 16:25:12.03602+00","3","1655","11"
"2381","**Nuevo tecnico (CESAR_MONTERREY)","-200","29/5/2019 15:38:25.258645+00","3","1654","11"
"2380","**Nuevo tecnico (CARLOS_HDZLOCAL)","-200","29/5/2019 14:27:47.320619+00","3","1653","9"
"2379","**Orden de armado","333.5","29/5/2019 14:27:47.301698+00","3","1653","9"
"2378","**Cambio de tecnico (FORANEO a JOSELUIS_PUEBLA)","-200","28/5/2019 19:18:19.731512+00","3","1636","11"
"2377","**Cambio de tecnico (NATHANAEL_LEON a FORANEO)","-200","28/5/2019 18:34:34.148595+00","3","1638","11"
"2376","**Cambio de tecnico (MTY_CESAR_1 a CESAR_MONTERREY)","-200","28/5/2019 18:08:48.430771+00","3","1195",
"2375","**Cambio de tecnico (MTY_CESAR_1 a CESAR_MONTERREY)","-200","28/5/2019 18:08:40.599998+00","3","1133",
"2374","**Cambio de tecnico (MTY_CESAR_1 a CESAR_MONTERREY)","-200","28/5/2019 18:08:22.966678+00","3","955","9"
"2373","**Cambio de tecnico (MTY_CESAR_1 a CESAR_MONTERREY)","-200","28/5/2019 18:08:14.314019+00","3","898",
"2372","**Cambio de tecnico (MTY_CESAR_1 a CESAR_MONTERREY)","-200","28/5/2019 18:08:05.241958+00","3","885",
"2371","**Cambio de tecnico (MTY_CESAR_1 a CESAR_MONTERREY)","-200","28/5/2019 18:07:57.145714+00","3","880",
"2370","**Cambio de tecnico (MTY_CESAR_1 a CESAR_MONTERREY)","-200","28/5/2019 18:07:25.856207+00","3","1408","11"
"2369","**Cambio de tecnico (MTY_CESAR_1 a CESAR_MONTERREY)","-200","28/5/2019 18:07:09.246454+00","3","1439","11"
"2368","**Cambio de tecnico (MTY_CESAR_1 a CESAR_MONTERREY)","-200","28/5/2019 17:40:42.001415+00","3","1555","11"
"2367","**Cambio de tecnico (FORANEO a CESAR_MONTERREY)","-200","28/5/2019 17:28:11.736948+00","3","1623","9"
"2366","**Nuevo tecnico (FORANEO)","-200","28/5/2019 17:22:05.159102+00","3","1652","11"
"2365","**Nuevo tecnico (Tecnico01)","-200","28/5/2019 16:19:17.805386+00","3","1651","12"
"2364","**Nuevo tecnico (Tecnico01)","-200","28/5/2019 16:17:09.268276+00","3","1650","12"
"2363","**Cambio de tecnico (FORANEO a RICARDO.HNDZ)","-200","27/5/2019 18:46:02.661216+00","3","1634","11"
"2362","**Cambio de tecnico (MARCO_ACAPULCO a FORANEO)","-200","27/5/2019 18:35:34.966549+00","3","1634","11"
"2361","**Nuevo tecnico (Tecnico01)","-200","27/5/2019 17:50:48.194622+00","3","1649","9"
"2360","**Nuevo tecnico (Tecnico01)","-200","27/5/2019 17:18:51.893681+00","3","1648","12"
"2359","**Nuevo tecnico (Tecnico01)","-200","27/5/2019 16:20:38.941548+00","3","1647","12"
"2358","**Nuevo tecnico (Tecnico01)","-200","27/5/2019 16:15:19.570526+00","3","1646","12"
"2357","**Nuevo tecnico (Tecnico01)","-200","27/5/2019 15:52:12.916429+00","3","1645","12"
"2356","**Nuevo tecnico (Tecnico01)","-200","27/5/2019 15:45:31.291043+00","3","1644","12"
"2355","**Nuevo tecnico (CARLOS_HDZLOCAL)","-200","25/5/2019 16:34:05.04514+00","3","1643","11"
"2354","**Cambio de tecnico (Tecnoservicio a IJIMENEZ)","-200","24/5/2019 22:45:53.491057+00","3","1140","9"
"2353","**Nuevo tecnico (FORANEO)","-200","24/5/2019 20:12:47.370806+00","3","1642","9"
"2352","**Nuevo tecnico (FORANEO)","-200","24/5/2019 18:52:34.012792+00","3","1641","9"
"2351","**Cambio de tecnico (FORANEO a Tecnoservicio)","-200","24/5/2019 18:50:14.657439+00","3","1599","11"
"2350","**Nuevo tecnico (CARLOS_HDZLOCAL)","-200","24/5/2019 17:15:01.728291+00","3","1640","9"
"2349","**Nuevo tecnico (Tecnico01)","-200","24/5/2019 17:04:42.402527+00","3","1639","11"
"2348","**Nuevo tecnico (NATHANAEL_LEON)","-200","24/5/2019 16:27:10.577208+00","3","1638","11"
"2347","**Cambio de tecnico (Tecnico01 a CARLOS_HDZLOCAL)","-200","24/5/2019 15:32:28.901435+00","3","1568","9"
"2346","**Nuevo tecnico (CARLOS_HDZLOCAL)","-200","23/5/2019 22:51:34.270766+00","3","1637","11"
"2345","**Nuevo tecnico (FORANEO)","-200","23/5/2019 22:41:38.836244+00","3","1636","11"
"2344","**Nuevo tecnico (FORANEO)","-200","23/5/2019 21:40:33.2989+00","3","1635","11"
"2343","**Nuevo tecnico (MARCO_ACAPULCO)","-200","23/5/2019 18:03:13.184012+00","3","1634","11"
"2342","**Nuevo tecnico (Tecnico01)","-200","23/5/2019 17:16:32.794967+00","3","1633","11"
"2341","**Nuevo tecnico (Tecnico01)","-200","23/5/2019 15:27:10.124678+00","3","1632","12"
"2340","**Nuevo tecnico (Tecnico01)","-200","23/5/2019 15:23:24.174393+00","3","1631","12"
"2339","**Nuevo tecnico (CARLOS_HDZLOCAL)","-200","22/5/2019 18:26:23.910174+00","3","1630","11"
"2338","**Cambio de tecnico (Tecnico01 a IJIMENEZ)","-200","22/5/2019 16:43:27.846168+00","3","1629","11"
"2337","**Nuevo tecnico (Tecnico01)","-200","22/5/2019 16:37:24.832259+00","3","1629","11"
"2336","**Nuevo tecnico (CARLOS_HDZLOCAL)","-200","22/5/2019 16:30:19.952397+00","3","1628","11"
"2335","**Nuevo tecnico (FRANCISCOFONG_MOCHIS)","-200","22/5/2019 16:17:25.748508+00","3","1627","11"
"2334","**Nuevo tecnico (CARLOS_HDZLOCAL)","-200","22/5/2019 14:36:05.376781+00","3","1626","11"
"2333","**Nuevo tecnico (Tecnico01)","-200","21/5/2019 19:30:45.853138+00","3","1625","12"
"2332","**Nuevo tecnico (FORANEO)","-200","21/5/2019 17:12:38.530347+00","3","1624","11"
"2331","**Cambio de tecnico (CARLOS_HDZLOCAL a IJIMENEZ)","-200","20/5/2019 22:48:45.226968+00","3","1418",
"2330","**Nuevo tecnico (FORANEO)","-200","20/5/2019 22:13:51.164214+00","3","1623","9"
"2329","**Cambio de tecnico (FORANEO a GABRIEL_MERIDA)","-200","20/5/2019 21:06:08.477758+00","3","1579","11"
"2328","**Cambio de tecnico (FORANEO a MAZATLAN.XAVIER)","-200","20/5/2019 20:57:20.560055+00","3","1604","11"
"2327","**Nuevo tecnico (IJIMENEZ)","-200","20/5/2019 18:20:43.909817+00","3","1622","11"
"2326","**Nuevo tecnico (FORANEO)","-200","20/5/2019 17:02:14.046987+00","3","1621","9"
"2325","**Nuevo tecnico (FORANEO)","-200","20/5/2019 16:52:33.93705+00","3","1620","9"
"2324","**Nuevo tecnico (Tecnico01)","-200","20/5/2019 16:28:27.111266+00","3","1619","9"
"2323","**Nuevo tecnico (Tecnico01)","-200","20/5/2019 14:23:45.573778+00","3","1618","12"
"2322","**Cambio de tecnico (FORANEO a FRANCISCOFONG_MOCHIS)","-200","17/5/2019 22:57:58.559835+00","3","1533","11"
"2321","**Nuevo tecnico (Tecnico01)","-200","17/5/2019 20:58:50.060602+00","3","1617","12"
"2320","**Nuevo tecnico (NATHANAEL_LEON)","-200","17/5/2019 20:23:49.469714+00","3","1616","11"
"2319","**Nuevo tecnico (CARLOS_HDZLOCAL)","-200","17/5/2019 18:32:45.406737+00","3","1615","11"
"2318","**Nuevo tecnico (GABRIEL_MERIDA)","-200","17/5/2019 15:16:38.414836+00","3","1614","11"
"2317","**Nuevo tecnico (CARLOS_HDZLOCAL)","-200","16/5/2019 23:24:30.066092+00","3","1613","11"
"2316","**Nuevo tecnico (Tecnico01)","-200","16/5/2019 23:17:15.921066+00","3","1612","11"
"2315","**Cambio de tecnico (Tecnico01 a CARLOS_HDZLOCAL)","-200","16/5/2019 18:47:25.803265+00","3","1611","11"
"2314","**Nuevo tecnico (Tecnico01)","-200","16/5/2019 18:33:34.359938+00","3","1611","11"
"2313","**Nuevo tecnico (Tecnico01)","-200","16/5/2019 17:17:04.440955+00","3","1610","9"
"2312","**Icon servicio","609","16/5/2019 17:17:04.430792+00","3","1610","9"
"2311","**Nuevo tecnico (CARLOS_HDZLOCAL)","-200","16/5/2019 16:55:16.989175+00","3","1609","9"
"2310","**Nuevo tecnico (Tecnico01)","-200","16/5/2019 16:48:30.149296+00","3","1608","12"
"2309","**Nuevo tecnico (Tecnico01)","-200","16/5/2019 16:43:58.125814+00","3","1607","12"
"2308","**Nuevo tecnico (CARLOS_HDZLOCAL)","-200","16/5/2019 16:08:46.921128+00","3","1606","9"
"2307","**Nuevo tecnico (Tecnico01)","-200","15/5/2019 22:44:11.241941+00","3","1605","12"
"2306","**Cambio de tecnico (Tecnoservicio a Tecnico01)","-200","15/5/2019 21:40:46.925081+00","3","1493","20"
"2305","**Nuevo tecnico (FORANEO)","-200","15/5/2019 18:44:36.31063+00","3","1604","11"
"2304","**Orden de armado","333.5","15/5/2019 18:44:36.295467+00","3","1604","11"
"2303","**Cambio de tecnico (guadalajara01 a JPEREZ_GUADALAJARA)","-200","15/5/2019 17:28:49.473365+00","3","1603","11"
"2302","**Nuevo tecnico (guadalajara01)","-200","15/5/2019 17:10:53.304725+00","3","1603","11"
"2301","**Cambio de tecnico (IJIMENEZ a Tecnico01)","-200","14/5/2019 18:08:12.247241+00","3","1581","9"
"2300","**Nuevo tecnico (Tecnico01)","-200","14/5/2019 15:19:17.510124+00","3","1602","12"
"2299","**Cambio de tecnico (Tecnico01 a IJIMENEZ)","-200","13/5/2019 19:05:12.18268+00","3","1581","9"
"2298","**Nuevo tecnico (ANDREA_OAX)","-200","13/5/2019 16:37:10.529132+00","3","1601","11"
"2297","**Nuevo tecnico (Tecnico01)","-200","13/5/2019 16:25:36.21556+00","3","1600","12"
"2296","**Nuevo tecnico (FORANEO)","-200","9/5/2019 22:47:47.032572+00","3","1599","11"
"2295","**Nuevo tecnico (FRANCISCOFONG_MOCHIS)","-200","9/5/2019 17:18:38.775635+00","3","1598","11"
"2294","**Nuevo tecnico (FORANEO)","-200","9/5/2019 16:42:31.077367+00","3","1597","11"
"2293","**Nuevo tecnico (FORANEO)","-200","8/5/2019 16:24:28.503205+00","3","1596","11"
"2292","**Orden de armado","333.5","8/5/2019 16:24:28.497704+00","3","1596","11"
"2291","**Nuevo tecnico (Tecnico01)","-200","8/5/2019 15:18:31.896824+00","3","1595","12"
"2290","**Nuevo tecnico (FRANCISCOFONG_MOCHIS)","-200","7/5/2019 22:01:19.761508+00","3","1594","11"
"2289","**Nuevo tecnico (JOSELUIS_PUEBLA)","-200","7/5/2019 18:38:11.844668+00","3","1593","11"
"2288","**Nuevo tecnico (FORANEO)","-200","7/5/2019 16:26:53.564312+00","3","1592","11"
"2287","**Nuevo tecnico (Tecnico01)","-200","6/5/2019 22:21:55.84469+00","3","1591","12"
"2286","**Nuevo tecnico (IJIMENEZ)","-200","6/5/2019 21:57:29.118671+00","3","1590","11"
"2285","**Cambio de tecnico (Tecnico01 a IJIMENEZ)","-200","6/5/2019 21:45:20.898974+00","3","1520","11"
"2284","**Nuevo tecnico (Tecnico01)","-200","6/5/2019 21:42:26.726016+00","3","1589","12"
"2283","**Nuevo tecnico (Tecnico01)","-200","6/5/2019 21:38:09.250224+00","3","1588","12"
"2282","**Nuevo tecnico (Tecnico01)","-200","6/5/2019 21:34:38.17041+00","3","1587","12"
"2281","**Nuevo tecnico (CARLOS_HDZLOCAL)","-200","6/5/2019 20:01:18.435141+00","3","1586","11"
"2280","**Nuevo tecnico (Tecnico01)","-200","6/5/2019 18:04:10.784541+00","3","1585","11"
"2279","**Nuevo tecnico (CARLOS_HDZLOCAL)","-200","6/5/2019 17:09:10.864157+00","3","1584","11"
"2278","**Nuevo tecnico (CARLOS_HDZLOCAL)","-200","6/5/2019 17:07:55.917783+00","3","1583","11"
"2277","**Cambio de tecnico (IJIMENEZ a CARLOS_HDZLOCAL)","-200","6/5/2019 16:37:59.322745+00","3","1582","11"
"2276","**Nuevo tecnico (IJIMENEZ)","-200","6/5/2019 16:36:54.87833+00","3","1582","11"
"2275","**Nuevo tecnico (Tecnico01)","-200","6/5/2019 16:14:44.983571+00","3","1581","9"
"2274","**Cambio de tecnico (CARLOS_HDZLOCAL a IJIMENEZ)","-200","6/5/2019 16:00:08.711399+00","3","1578","9"
"2273","**Nuevo tecnico (FORANEO)","-200","6/5/2019 15:48:15.659368+00","3","1580","11"
"2272","**Cambio de tecnico (LAZARO a IJIMENEZ)","-200","6/5/2019 15:28:47.3437+00","3","1577","9"
"2271","**Cambio de tecnico (Tecnico01 a LAZARO)","-200","6/5/2019 15:28:40.298549+00","3","1577","9"
"2270","**Nuevo tecnico (FORANEO)","-200","6/5/2019 15:22:26.3142+00","3","1579","11"
"2269","**Nuevo tecnico (CARLOS_HDZLOCAL)","-200","3/5/2019 22:58:33.46929+00","3","1578","9"
"2268","**Nuevo tecnico (Tecnico01)","-200","3/5/2019 18:44:55.400996+00","3","1577","9"
"2267","**Nuevo tecnico (Tecnico01)","-200","3/5/2019 15:57:38.973344+00","3","1576","12"
"2266","**Nuevo tecnico (Tecnico01)","-200","3/5/2019 15:45:22.975087+00","3","1575","12"
"2265","**Nuevo tecnico (CARLOS_HDZLOCAL)","-200","2/5/2019 22:20:40.123967+00","3","1574","11"
"2264","**Nuevo tecnico (CARLOS_HDZLOCAL)","-200","2/5/2019 22:19:30.989223+00","3","1573","11"
"2263","**Nuevo tecnico (JOSELUIS_PUEBLA)","-200","2/5/2019 21:13:32.713932+00","3","1572","11"
"2262","**Orden de armado","333.5","2/5/2019 21:13:32.701746+00","3","1572","11"
"2261","**Nuevo tecnico (Tecnico01)","-200","2/5/2019 16:43:59.473479+00","3","1571","12"
"2260","**Nuevo tecnico (Tecnico01)","-200","2/5/2019 16:30:38.560051+00","3","1570","12"
"2259","**Nuevo tecnico (Tecnico01)","-200","2/5/2019 16:25:15.506233+00","3","1569","12"
"2258","**Nuevo tecnico (Tecnico01)","-200","2/5/2019 15:40:12.312182+00","3","1568","9"
"2257","**Orden de armado","333.5","2/5/2019 15:40:12.299882+00","3","1568","9"
"2256","**Nuevo tecnico (FORANEO)","-200","2/5/2019 02:14:28.817728+00","3","1567","9"
"2255","**Nuevo tecnico (Tecnico01)","-200","30/4/2019 17:08:11.212889+00","3","1566","12"
"2254","**Nuevo tecnico (Tecnico01)","-200","30/4/2019 15:57:48.462589+00","3","1565","12"
"2253","**Nuevo tecnico (FORANEO)","-200","29/4/2019 19:43:53.037023+00","3","1564","9"
"2252","**Nuevo tecnico (Tecnico01)","-200","29/4/2019 16:28:05.438211+00","3","1563","12"
"2251","**Nuevo tecnico (Tecnico01)","-200","29/4/2019 16:17:30.315111+00","3","1562","12"
"2250","**Nuevo tecnico (Tecnico01)","-200","29/4/2019 16:12:24.632226+00","3","1561","12"
"2249","**Nuevo tecnico (Tecnico01)","-200","29/4/2019 15:56:18.645693+00","3","1560","12"
"2248","**Nuevo tecnico (Tecnico01)","-200","29/4/2019 15:47:28.04673+00","3","1559","12"
"2247","**Nuevo tecnico (CARLOS_HDZLOCAL)","-200","29/4/2019 15:45:04.889917+00","3","1558","11"
"2246","**Nuevo tecnico (Tecnico01)","-200","29/4/2019 15:03:37.538542+00","3","1557","12"
"2245","**Nuevo tecnico (CARLOS_HDZLOCAL)","-200","26/4/2019 19:42:08.630388+00","3","1556","9"
"2244","**Nuevo tecnico (MTY_CESAR_1)","-200","25/4/2019 21:04:13.190702+00","3","1555","11"
"2243","**Nuevo tecnico (Tecnico01)","-200","25/4/2019 16:34:13.239343+00","3","1554","9"
"2242","**Nuevo tecnico (FORANEO)","-200","25/4/2019 16:28:47.62554+00","3","1553","9"
"2241","**Nuevo tecnico (CARLOS_HDZLOCAL)","-200","24/4/2019 22:42:48.912429+00","3","1552","11"
"2240","**Cambio de tecnico (Tecnico01 a FRANCISCOFONG_MOCHIS)","-200","24/4/2019 21:21:54.708321+00","3","1510",
"2239","**Cambio de tecnico (FRANCISCOFONG_MOCHIS a Tecnico01)","-200","24/4/2019 21:21:20.835219+00","3","1510",
"2238","**Nuevo tecnico (CARLOS_HDZLOCAL)","-200","24/4/2019 17:17:07.208076+00","3","1551","11"
"2237","**Cambio de tecnico (FORANEO a ERIC_CHIHUAHUA)","-200","23/4/2019 19:25:45.14789+00","3","1142","11"
"2236","**Cambio de tecnico (Tecnico01 a CARLOS_HDZLOCAL)","-200","23/4/2019 17:45:58.555299+00","3","1549","11"
"2235","**Nuevo tecnico (Tecnico01)","-200","23/4/2019 17:06:50.960479+00","3","1550","12"
"2234","**Nuevo tecnico (Tecnico01)","-200","23/4/2019 16:52:21.18089+00","3","1549","11"
"2233","**Nuevo tecnico (Tecnico01)","-200","23/4/2019 16:51:22.378869+00","3","1548","12"
"2232","**Nuevo tecnico (Tecnico01)","-200","23/4/2019 16:43:42.781801+00","3","1547","12"
"2231","**Nuevo tecnico (Tecnico01)","-200","23/4/2019 16:38:40.948703+00","3","1546","12"
"2230","**Nuevo tecnico (Tecnico01)","-200","22/4/2019 17:34:51.339229+00","3","1545","12"
"2229","**Nuevo tecnico (Tecnico01)","-200","22/4/2019 17:02:26.062402+00","3","1544","12"
"2228","**Nuevo tecnico (Tecnico01)","-200","22/4/2019 16:57:34.83597+00","3","1543","12"
"2227","**Nuevo tecnico (Tecnico01)","-200","22/4/2019 16:47:55.266694+00","3","1542","12"
"2226","**Nuevo tecnico (Tecnico01)","-200","22/4/2019 16:43:09.591841+00","3","1541","12"
"2225","**Nuevo tecnico (Tecnico01)","-200","22/4/2019 16:37:00.61663+00","3","1540","12"
"2224","**Cambio de tecnico (JOSELUIS_PUEBLA a FORANEO)","-200","18/4/2019 16:07:17.874638+00","3","1539","11"
"2223","**Cambio de tecnico (FORANEO a JOSELUIS_PUEBLA)","-200","18/4/2019 16:06:52.84841+00","3","1539","11"
"2222","**Cambio de tecnico (JOSELUIS_PUEBLA a FORANEO)","-200","18/4/2019 16:06:32.116329+00","3","1539","11"
"2221","**Cambio de tecnico (FORANEO a JOSELUIS_PUEBLA)","-200","18/4/2019 15:46:03.434426+00","3","1539","11"
"2220","**Nuevo tecnico (FORANEO)","-200","18/4/2019 15:44:58.475452+00","3","1539","11"
"2219","**Orden de armado","333.5","18/4/2019 15:44:58.456895+00","3","1539","11"
"2218","**Nuevo tecnico (CARLOS_HDZLOCAL)","-200","17/4/2019 21:19:47.992787+00","3","1538","11"
"2217","**Nuevo tecnico (FORANEO)","-200","17/4/2019 20:22:25.805116+00","3","1537","11"
"2216","**Nuevo tecnico (CARLOS_HDZLOCAL)","-200","17/4/2019 15:19:01.263101+00","3","1536","11"
"2215","**Nuevo tecnico (Tecnico01)","-200","16/4/2019 23:06:20.677214+00","3","1535","11"
"2214","**Nuevo tecnico (FORANEO)","-200","16/4/2019 21:06:35.030866+00","3","1534","9"
"2213","**Nuevo tecnico (FORANEO)","-200","16/4/2019 18:09:33.622671+00","3","1533","11"
"2212","**Nuevo tecnico (CARLOS_HDZLOCAL)","-200","15/4/2019 22:16:20.950482+00","3","1532",
"2211","**Nuevo tecnico (CARLOS_HDZLOCAL)","-200","15/4/2019 21:12:25.543593+00","3","1531",
"2210","**Nuevo tecnico (CARLOS_HDZLOCAL)","-200","15/4/2019 19:43:13.570247+00","3","1530",
"2209","**Cambio de tecnico (FORANEO a JPEREZ_GUADALAJARA)","-200","15/4/2019 19:12:24.957353+00","3","1529","11"
"2208","**Cambio de tecnico (guadalajara01 a FORANEO)","-200","15/4/2019 15:32:58.444181+00","3","1529","11"
"2207","**Nuevo tecnico (guadalajara01)","-200","15/4/2019 15:08:13.348209+00","3","1529","11"
"2206","**Nuevo tecnico (CESAR_MONTERREY)","-200","15/4/2019 14:39:02.201066+00","3","1528",
"2205","**Nuevo tecnico (Tecnico01)","-200","13/4/2019 17:55:45.550248+00","3","1527",
"2204","**Nuevo tecnico (CARLOS_HDZLOCAL)","-200","13/4/2019 17:35:01.476055+00","3","1526",
"2203","**Cambio de tecnico (FORANEO a JAVIER_CHETUMAL)","-200","12/4/2019 17:23:46.935058+00","3","1522","11"
"2202","**Nuevo tecnico (CARLOS_HDZLOCAL)","-200","12/4/2019 16:24:18.572929+00","3","1525","11"
"2201","**Nuevo tecnico (FORANEO)","-200","12/4/2019 16:12:08.216694+00","3","1524","11"
"2200","**Nuevo tecnico (FORANEO)","-200","12/4/2019 15:28:24.956685+00","3","1523","11"
"2199","**Nuevo tecnico (FORANEO)","-200","12/4/2019 15:01:37.784632+00","3","1522","11"
"2198","**Nuevo tecnico (CARLOS_HDZLOCAL)","-200","10/4/2019 21:08:08.405452+00","3","1521",
"2197","**Nuevo tecnico (Tecnico01)","-200","10/4/2019 17:40:20.984124+00","3","1520","11"
"2196","**Nuevo tecnico (Tecnico01)","-200","10/4/2019 15:48:28.085752+00","3","1519","12"
"2195","**Nuevo tecnico (CARLOS_HDZLOCAL)","-200","9/4/2019 22:24:25.345747+00","3","1518",
"2194","**Nuevo tecnico (Tecnico01)","-200","9/4/2019 16:34:42.619396+00","3","1517","12"
"2193","**Nuevo tecnico (Tecnico01)","-200","9/4/2019 15:23:24.392424+00","3","1516","12"
"2192","**Nuevo tecnico (Tecnico01)","-200","9/4/2019 15:17:54.994877+00","3","1515","9"
"2191","**Nuevo tecnico (FORANEO)","-200","8/4/2019 22:03:22.963613+00","3","1514",
"2190","**Nuevo tecnico (FORANEO)","-200","8/4/2019 21:01:49.184218+00","3","1513","9"
"2189","**Cambio de tecnico (Tecnoservicio a Tecnico01)","-200","8/4/2019 18:42:47.626714+00","3","1512","9"
"2188","**Nuevo tecnico (Tecnoservicio)","-200","8/4/2019 18:42:33.221621+00","3","1512","9"
"2187","**Nuevo tecnico (FORANEO)","-200","8/4/2019 15:43:52.222124+00","3","1511","9"
"2186","**Nuevo tecnico (FRANCISCOFONG_MOCHIS)","-200","5/4/2019 16:58:58.71485+00","3","1510",
"2185","**Nuevo tecnico (FORANEO)","-200","5/4/2019 16:03:37.324126+00","3","1509","9"
"2184","**Nuevo tecnico (Tecnoservicio)","-200","5/4/2019 02:44:35.431902+00","3","1508","12"
"2183","**Nuevo tecnico (FORANEO)","-200","4/4/2019 17:19:52.190437+00","3","1507",
"2182","**Cambio de tecnico (FORANEO a CESAR_MONTERREY)","-200","3/4/2019 18:31:53.667673+00","3","1506",
"2181","**Nuevo tecnico (FORANEO)","-200","3/4/2019 18:11:11.614867+00","3","1506",
"2180","**Cambio de tecnico (Tecnico01 a CARLOS_HDZLOCAL)","-200","3/4/2019 00:09:55.629267+00","3","1502","11"
"2179","**Nuevo tecnico (CARLOS_HDZLOCAL)","-200","2/4/2019 23:43:51.526489+00","3","1505",
"2178","**Nuevo tecnico (Tecnico01)","-200","2/4/2019 21:34:02.568875+00","3","1504","9"
"2177","**Nuevo tecnico (Tecnico01)","-200","2/4/2019 18:12:33.172957+00","3","1503",
"2176","**Nuevo tecnico (Tecnico01)","-200","2/4/2019 17:59:43.705332+00","3","1502","11"
"2175","**Orden de armado","333.5","2/4/2019 17:59:43.697413+00","3","1502","11"
"2174","**Nuevo tecnico (Tecnico01)","-200","2/4/2019 16:41:12.668119+00","3","1501","12"
"2173","**Nuevo tecnico (GABRIEL_MERIDA)","-200","2/4/2019 16:38:09.460448+00","3","1500","11"
"2172","**Nuevo tecnico (Tecnico01)","-200","1/4/2019 19:59:18.06305+00","3","1499","12"
"2171","**Nuevo tecnico (Tecnico01)","-200","1/4/2019 19:14:50.193177+00","3","1498","12"
"2170","**Nuevo tecnico (CARLOS_HDZLOCAL)","-200","1/4/2019 18:22:05.35379+00","3","1497","9"
"2169","**Nuevo tecnico (JAVIER_CHETUMAL)","-200","1/4/2019 16:18:54.243079+00","3","1496","9"
"2168","**Icon revision","609","1/4/2019 16:18:54.240111+00","3","1496","9"
"2167","**Nuevo tecnico (CARLOS_HDZLOCAL)","-200","1/4/2019 15:48:07.850884+00","3","1495","9"
"2166","**Nuevo tecnico (CARLOS_HDZLOCAL)","-200","30/3/2019 17:13:08.570425+00","3","1494","20"
"2165","**Nuevo tecnico (Tecnoservicio)","-200","29/3/2019 21:50:10.267736+00","3","1493","20"
"2164","**Cambio de tecnico (Tecnoservicio a RICARDO_HDZ)","-200","29/3/2019 21:31:30.13924+00","3","1362","11"
"2163","**Nuevo tecnico (Tecnico01)","-200","29/3/2019 15:10:24.319305+00","3","1492","12"
"2162","**Nuevo tecnico (Tecnico01)","-200","28/3/2019 15:23:06.264325+00","3","1491","9"
"2161","**Nuevo tecnico (Tecnico01)","-200","27/3/2019 22:13:09.340952+00","3","1490","11"
"2160","**Nuevo tecnico (PEDRO_POTOSI)","-200","27/3/2019 20:18:52.802611+00","3","1489",
"2159","**Cambio de tecnico (Tecnico01 a CARLOS_HDZLOCAL)","-200","27/3/2019 18:26:48.997426+00","3","1488",
"2158","**Nuevo tecnico (Tecnico01)","-200","27/3/2019 18:25:28.575184+00","3","1488",
"2157","**Cambio de tecnico (LOCAL_OSCAR a CARLOS_HDZLOCAL)","-200","26/3/2019 23:24:54.72024+00","3","1418",
"2156","**Cambio de tecnico (Tecnico01 a HECTOR_TUXTLA)","-200","26/3/2019 21:40:13.429713+00","3","1432","11"
"2155","**Cambio de tecnico (tec2 a CARLOS_HDZLOCAL)","-200","26/3/2019 18:43:45.652354+00","3","1304","11"
"2154","**Nuevo tecnico (MARTIN_VER)","-200","26/3/2019 18:07:19.735438+00","3","1487","11"
"2153","**Nuevo tecnico (PEDRO_POTOSI)","-200","25/3/2019 22:47:44.23616+00","3","1486",
"2152","**Nuevo tecnico (Tecnico01)","-200","25/3/2019 20:20:00.08105+00","3","1485","12"
"2151","**Cambio de tecnico (Tecnico01 a CARLOS_HDZLOCAL)","-200","25/3/2019 18:42:08.17656+00","3","1483",
"2150","**Cambio de tecnico (Tecnico01 a CARLOS_HDZLOCAL)","-200","25/3/2019 18:07:52.711343+00","3","1469",
"2149","**Nuevo tecnico (Tecnico01)","-200","22/3/2019 21:07:25.787055+00","3","1484",
"2148","**Nuevo tecnico (Tecnico01)","-200","22/3/2019 17:35:17.647407+00","3","1483",
"2147","**Nuevo tecnico (Tecnico01)","-200","22/3/2019 16:42:25.364795+00","3","1482","12"
"2146","**Nuevo tecnico (Tecnico01)","-200","22/3/2019 16:37:31.925886+00","3","1481","12"
"2145","**Nuevo tecnico (Tecnico01)","-200","22/3/2019 16:28:25.629206+00","3","1480","12"
"2144","**Nuevo tecnico (Tecnico01)","-200","20/3/2019 21:06:16.63001+00","3","1479","12"
"2143","**Nuevo tecnico (guadalajara01)","-200","20/3/2019 18:01:31.062102+00","3","1478","11"
"2142","REVISION ","300","19/3/2019 23:09:41.451503+00","3","1462","20"
"2141","**Nuevo tecnico (Tecnico01)","-200","19/3/2019 20:59:52.553537+00","3","1477",
"2140","**Nuevo tecnico (Tecnico01)","-200","19/3/2019 16:01:54.393414+00","3","1476","12"
"2139","**Nuevo tecnico (Tecnico01)","-200","19/3/2019 15:55:48.331523+00","3","1475","12"
"2138","**Nuevo tecnico (Tecnico01)","-200","19/3/2019 15:50:52.117433+00","3","1474","12"
"2137","**Nuevo tecnico (PEDRO_POTOSI)","-200","16/3/2019 18:19:21.632843+00","3","1473",
"2136","**Cambio de tecnico (Tecnico01 a RICARDO_HDZ)","-200","15/3/2019 22:16:09.80825+00","3","1446",
"2135","**Nuevo tecnico (Tecnico01)","-200","15/3/2019 21:34:07.054797+00","3","1472",
"2134","**Nuevo tecnico (Tecnico01)","-200","15/3/2019 21:31:09.132604+00","3","1471","12"
"2133","**Nuevo tecnico (Tecnico01)","-200","15/3/2019 21:23:16.804405+00","3","1470","12"
"2132","**Nuevo tecnico (Tecnico01)","-200","15/3/2019 18:53:35.292119+00","3","1469",
"2131","REVISION ","350","15/3/2019 17:35:32.87399+00","3","1455","20"
"2130","**Nuevo tecnico (FORANEO)","-200","14/3/2019 22:24:16.806661+00","3","1468",
"2129","armado ","500","14/3/2019 19:37:53.510832+00","3","1453","20"
"2128","**Nuevo tecnico (FORANEO)","-200","14/3/2019 19:22:18.371359+00","3","1467","9"
"2127","**Nuevo tecnico (MORELIA_PARRALES)","-200","14/3/2019 19:14:27.233683+00","3","1466","9"
"2126","**Nuevo tecnico (FORANEO)","-200","14/3/2019 19:05:15.402447+00","3","1465",
"2125","**Nuevo tecnico (Tecnico01)","-200","14/3/2019 18:40:08.359265+00","3","1464","12"
"2124","**Nuevo tecnico (Tecnico01)","-200","14/3/2019 18:32:13.710058+00","3","1463","12"
"2123","**Nuevo tecnico (Tecnico01)","-200","14/3/2019 15:43:39.486499+00","3","1462",
"2122","**Cambio de tecnico (FORANEO a MTY_CESAR_1)","-200","13/3/2019 19:32:59.738739+00","3","1408","11"
"2121","**Cambio de tecnico (FORANEO a MTY_CESAR_1)","-200","13/3/2019 19:32:33.721853+00","3","1439","11"
"2120","**Nuevo tecnico (Tecnico01)","-200","13/3/2019 17:25:20.72203+00","3","1461","12"
"2119","**Nuevo tecnico (Tecnico01)","-200","13/3/2019 17:18:46.144081+00","3","1460","12"
"2118","**Nuevo tecnico (Tecnico01)","-200","13/3/2019 17:14:48.150518+00","3","1459","12"
"2117","**Nuevo tecnico (Tecnico01)","-200","13/3/2019 16:55:29.85723+00","3","1458","12"
"2116","armado ","500","13/3/2019 16:45:19.835632+00","3","1445","20"
"2115","**Nuevo tecnico (Tecnico01)","-200","13/3/2019 16:32:42.874658+00","3","1457","9"
"2114","**Nuevo tecnico (Tecnoservicio)","-200","13/3/2019 16:31:31.500828+00","3","1456","9"
"2113","**Cambio de tecnico (Tecnico01 a LOCAL_OSCAR)","-200","12/3/2019 21:24:32.398865+00","3","1455","11"
"2112","**Cambio de tecnico (Tecnico01 a CARLOS_HDZLOCAL)","-200","12/3/2019 21:23:30.559473+00","3","1453",
"2111","**Nuevo tecnico (Tecnico01)","-200","12/3/2019 17:42:36.833202+00","3","1455","11"
"2110","**Cambio de tecnico (Tecnico01 a FORANEO)","-200","12/3/2019 16:35:45.046237+00","3","1086","11"
"2109","**Nuevo tecnico (FORANEO)","-200","11/3/2019 23:43:23.716732+00","3","1454",
"2108","**Nuevo tecnico (Tecnico01)","-200","11/3/2019 22:44:57.021073+00","3","1453",
"2107","**Cambio de tecnico (Tecnico01 a LOCAL_OSCAR)","-200","11/3/2019 21:55:39.492647+00","3","1425","11"
"2106","**Nuevo tecnico (FORANEO)","-200","11/3/2019 18:12:43.370738+00","3","1452",
"2105","**Nuevo tecnico (Tecnico01)","-200","11/3/2019 16:45:50.929442+00","3","1451","12"
"2104","**Nuevo tecnico (Tecnico01)","-200","11/3/2019 16:42:14.246137+00","3","1450","12"
"2103","**Nuevo tecnico (Tecnico01)","-200","11/3/2019 16:35:33.894326+00","3","1449","12"
"2102","**Nuevo tecnico (Tecnico01)","-200","11/3/2019 16:30:28.407819+00","3","1448","12"
"2101","**Nuevo tecnico (Tecnico01)","-200","11/3/2019 16:27:05.753479+00","3","1447","12"
"2100","**Cambio de tecnico (Tecnico01 a CARLOS_HDZLOCAL)","-200","8/3/2019 21:59:33.973584+00","3","1445",
"2099","**Cambio de tecnico (Tecnico01 a CARLOS_HDZLOCAL)","-200","8/3/2019 21:57:56.695911+00","3","1441",
"2098","**Nuevo tecnico (Tecnico01)","-200","8/3/2019 16:44:38.465191+00","3","1446",
"2097","**Nuevo tecnico (Tecnico01)","-200","8/3/2019 15:15:39.877612+00","3","1445",
"2096","**Nuevo tecnico (Tecnico01)","-200","7/3/2019 19:44:22.465453+00","3","1444","12"
"2095","**Nuevo tecnico (Tecnico01)","-200","7/3/2019 19:27:11.688277+00","3","1443","12"
"2094","armado ","550","7/3/2019 17:58:28.002611+00","3","1419","20"
"2093","**Cambio de tecnico (Tecnico01 a ARTURO_TORREON)","-200","7/3/2019 17:52:52.396486+00","3","1319","11"
"2092","armado ","550","7/3/2019 17:50:49.431711+00","3","1420","20"
"2091","**Nuevo tecnico (Tecnico01)","-200","7/3/2019 17:24:33.722638+00","3","1442",
"2090","**Nuevo tecnico (Tecnico01)","-200","7/3/2019 16:10:58.727785+00","3","1441",
"2089","**Nuevo tecnico (FORANEO)","-200","6/3/2019 23:53:31.525026+00","3","1440","9"
"2088","**Cambio de tecnico (GENARO_MERIDA a GABRIEL_MERIDA)","-200","6/3/2019 20:19:24.891962+00","3","1359","11"
"2087","**Cambio de tecnico (GABRIEL_MERIDA a GENARO_MERIDA)","-200","6/3/2019 20:19:06.481774+00","3","1359","11"
"2086","**Nuevo tecnico (FORANEO)","-200","6/3/2019 19:58:06.798324+00","3","1439","11"
"2085","**Nuevo tecnico (Tecnico01)","-200","6/3/2019 18:30:26.201936+00","3","1438",
"2084","**Cambio de tecnico (FORANEO a MARTIN_VER)","-200","6/3/2019 18:01:27.119777+00","3","1437",
"2083","**Nuevo tecnico (FORANEO)","-200","6/3/2019 17:49:54.734729+00","3","1437",
"2082","**Nuevo tecnico (Tecnico01)","-200","6/3/2019 16:34:24.916932+00","3","1436",
"2081","**Nuevo tecnico (Tecnico01)","-200","6/3/2019 16:22:21.022766+00","3","1435","12"
"2080","**Nuevo tecnico (Tecnico01)","-200","6/3/2019 16:17:08.573807+00","3","1434","12"
"2079","**Cambio de tecnico (Tecnico01 a LOCAL_OSCAR)","-200","6/3/2019 15:59:02.106672+00","3","1382","11"
"2078","**Nuevo tecnico (Tecnico01)","-200","5/3/2019 20:35:22.51079+00","3","1433","12"
"2077","ARMADO ","550","5/3/2019 19:17:38.997839+00","3","1406","20"
"2076","**Nuevo tecnico (Tecnico01)","-200","5/3/2019 19:10:57.568812+00","3","1432","11"
"2075","**Nuevo tecnico (JOSELUIS_PUEBLA)","-200","5/3/2019 18:48:42.221096+00","3","1431",
"2074","**Nuevo tecnico (guadalajara01)","-200","5/3/2019 17:47:56.396728+00","3","1430",
"2073","**Nuevo tecnico (Tecnico01)","-200","5/3/2019 16:41:48.567535+00","3","1429","12"
"2072","**Nuevo tecnico (Tecnico01)","-200","5/3/2019 16:37:09.488589+00","3","1428","12"
"2071","**Nuevo tecnico (Tecnico01)","-200","4/3/2019 22:24:15.106473+00","3","1427","12"
"2070","**Icon servicio","609","4/3/2019 22:24:15.098944+00","3","1427","12"
"2069","REVISION ","400","4/3/2019 20:08:34.221948+00","3","1396","20"
"2068","POLEA ","290","4/3/2019 20:07:25.700257+00","3","1402","20"
"2067","**Cambio de tecnico (Tecnico01 a LOCAL_OSCAR)","-200","4/3/2019 19:53:09.985574+00","3","1418",
"2066","CONSOLA ","1300","4/3/2019 18:45:09.958096+00","3","1141","20"
"2065","**Cambio de tecnico (Tecnico01 a CARLOS_HDZLOCAL)","-200","4/3/2019 17:56:12.605137+00","3","1426",
"2064","**Nuevo tecnico (Tecnico01)","-200","4/3/2019 17:08:37.224118+00","3","1426",
"2063","**Nuevo tecnico (Tecnico01)","-200","4/3/2019 17:01:55.42304+00","3","1425","11"
"2062","**Nuevo tecnico (Tecnico01)","-200","4/3/2019 16:39:26.01431+00","3","1424","12"
"2061","**Nuevo tecnico (Tecnico01)","-200","4/3/2019 16:34:40.918136+00","3","1423","12"
"2060","**Nuevo tecnico (Tecnico01)","-200","4/3/2019 16:27:48.628731+00","3","1422","12"
"2059","**Nuevo tecnico (Tecnico01)","-200","4/3/2019 16:14:51.700419+00","3","1421","12"
"2058","**Nuevo tecnico (LOCAL_OSCAR)","-200","2/3/2019 17:37:14.036381+00","3","1420","9"
"2057","**Nuevo tecnico (LOCAL_OSCAR)","-200","2/3/2019 17:34:00.653141+00","3","1419","9"
"2056","**Cambio de tecnico (FORANEO a FELIPE_TAMPICO)","-200","2/3/2019 17:14:39.315006+00","3","1405",
"2055","**Nuevo tecnico (Tecnico01)","-200","2/3/2019 16:59:17.62431+00","3","1418",
"2054","REVISION ","300","2/3/2019 16:51:04.953854+00","3","1397","20"
"2053","REVISION ","400","2/3/2019 16:49:09.891237+00","3","1394","20"
"2052","**Nuevo tecnico (Tecnico01)","-200","2/3/2019 15:39:42.603714+00","3","1417","12"
"2051","**Cambio de tecnico (Tecnico01 a LOCAL_OSCAR)","-200","1/3/2019 22:59:53.017078+00","3","1407","11"
"2050","**Cambio de tecnico (Tecnico01 a CARLOS_HDZLOCAL)","-200","1/3/2019 22:17:33.218196+00","3","1120","11"
"2049","**Nuevo tecnico (FORANEO)","-200","1/3/2019 20:19:36.259607+00","3","1416","9"
"2048","**Nuevo tecnico (FORANEO)","-200","1/3/2019 20:10:13.164554+00","3","1415","9"
"2047","**Nuevo tecnico (Tecnoservicio)","-200","1/3/2019 19:50:19.171073+00","3","1414","9"
"2046","**Nuevo tecnico (Tecnico01)","-200","1/3/2019 15:44:24.515432+00","3","1413","12"
"2045","**Nuevo tecnico (Tecnico01)","-200","1/3/2019 15:33:06.309646+00","3","1412","12"
"2044","**Nuevo tecnico (Tecnico01)","-200","28/2/2019 21:37:00.790903+00","3","1411",
"2043","**Nuevo tecnico (Tecnico01)","-200","28/2/2019 18:36:35.534925+00","3","1410","12"
"2042","**Nuevo tecnico (Tecnico01)","-200","28/2/2019 18:30:51.155429+00","3","1409","12"
"2041","**Nuevo tecnico (FORANEO)","-200","28/2/2019 18:20:10.455146+00","3","1408","11"
"2040","**Cambio de tecnico (Tecnico01 a CARLOS_HDZLOCAL)","-200","28/2/2019 18:00:45.517328+00","3","1406","11"
"2039","**Nuevo tecnico (Tecnico01)","-200","28/2/2019 17:42:14.942834+00","3","1407","11"
"2038","**Nuevo tecnico (Tecnico01)","-200","28/2/2019 17:28:57.493615+00","3","1406","11"
"2037","**Cambio de tecnico (Tecnico01 a CARLOS_HDZLOCAL)","-200","27/2/2019 23:48:32.087884+00","3","1402","11"
"2036","**Nuevo tecnico (FORANEO)","-200","27/2/2019 21:35:43.310652+00","3","1405",
"2035","**Nuevo tecnico (Tecnico01)","-200","27/2/2019 19:54:28.224352+00","3","1404","11"
"2034","**Nuevo tecnico (Tecnico01)","-200","27/2/2019 18:07:47.65692+00","3","1403","12"
"2033","**Nuevo tecnico (Tecnico01)","-200","27/2/2019 17:53:56.956654+00","3","1402","11"
"2032","**Orden de armado","333.5","27/2/2019 17:53:56.947062+00","3","1402","11"
"2031","**Nuevo tecnico (Tecnico01)","-200","27/2/2019 16:38:33.10486+00","3","1401","12"
"2030","**Nuevo tecnico (Tecnico01)","-200","27/2/2019 16:22:58.945739+00","3","1400","12"
"2029","**Nuevo tecnico (Tecnico01)","-200","27/2/2019 16:17:59.752175+00","3","1399","12"
"2028","**Nuevo tecnico (Tecnico01)","-200","27/2/2019 16:06:22.227377+00","3","1398","12"
"2027","LUBRICANTES ","210","26/2/2019 21:44:55.762667+00","3","1395","20"
"2026","LUBRICANTE ","420","26/2/2019 18:07:07.583103+00","3","1299","20"
"2025","MOTOR DE VELOCIDAD ","1750","26/2/2019 18:06:58.843134+00","3","1299","20"
"2024","**Cambio de tecnico (Tecnico01 a CARLOS_HDZLOCAL)","-200","26/2/2019 17:22:50.488546+00","3","1397",
"2023","**Nuevo tecnico (Tecnico01)","-200","26/2/2019 17:21:34.421787+00","3","1397",
"2022","ARMADO ","500","26/2/2019 15:39:32.917048+00","3","1375","20"
"2021","**Cambio de tecnico (Tecnoservicio a CARLOS_HDZLOCAL)","-200","25/2/2019 21:41:13.806964+00","3","1396","11"
"2020","**Cambio de tecnico (Tecnico01 a LOCAL_OSCAR)","-200","25/2/2019 21:36:36.631034+00","3","1393",
"2019","**Cambio de tecnico (Tecnico01 a CARLOS_HDZLOCAL)","-200","25/2/2019 21:35:15.514889+00","3","1394","11"
"2018","**Nuevo tecnico (Tecnoservicio)","-200","25/2/2019 19:24:03.997186+00","3","1396","11"
"2017","**Nuevo tecnico (Tecnico01)","-200","25/2/2019 18:33:03.145609+00","3","1395","9"
"2016","**Nuevo tecnico (Tecnico01)","-200","25/2/2019 17:58:23.103109+00","3","1394","11"
"2015","**Nuevo tecnico (Tecnico01)","-200","25/2/2019 17:53:19.782717+00","3","1393",
"2014","**Nuevo tecnico (Tecnico01)","-200","25/2/2019 17:38:47.608124+00","3","1392","12"
"2013","**Nuevo tecnico (Tecnico01)","-200","25/2/2019 17:34:38.52791+00","3","1391","12"
"2012","**Orden de armado","333.5","25/2/2019 17:34:38.524934+00","3","1391","12"
"2011","**Nuevo tecnico (Tecnico01)","-200","25/2/2019 17:29:45.29808+00","3","1390","12"
"2010","**Nuevo tecnico (Tecnico01)","-200","25/2/2019 17:24:09.110618+00","3","1389","12"
"2009","**Nuevo tecnico (Tecnico01)","-200","25/2/2019 17:18:52.277809+00","3","1388","12"
"2008","**Cambio de tecnico (tec2 a CARLOS_HDZLOCAL)","-200","22/2/2019 20:02:29.549993+00","3","1314","11"
"2007","**Nuevo tecnico (Tecnico01)","-200","22/2/2019 18:24:22.720448+00","3","1387",
"2006","ARMADO ","500","22/2/2019 18:12:22.008957+00","3","1271","20"
"2005","ARMADO ","500","22/2/2019 18:04:57.384898+00","3","1366","20"
"2004","REVISION ","450","22/2/2019 17:58:44.360074+00","3","1363","20"
"2003","**Nuevo tecnico (Tecnico01)","-200","22/2/2019 17:32:55.549294+00","3","1386","12"
"2002","**Nuevo tecnico (FORANEO)","-200","22/2/2019 17:28:07.016681+00","3","1385","11"
"2001","**Nuevo tecnico (Tecnoservicio)","-200","22/2/2019 17:28:00.2429+00","3","1384","12"
"2000","**Nuevo tecnico (Tecnico01)","-200","21/2/2019 17:03:58.678397+00","3","1383","11"
"1999","**Nuevo tecnico (Tecnico01)","-200","21/2/2019 16:32:06.51391+00","3","1382","11"
"1998","**Nuevo tecnico (Tecnoservicio)","-200","21/2/2019 16:15:55.728903+00","3","1381","12"
"1997","**Nuevo tecnico (Tecnoservicio)","-200","20/2/2019 23:17:59.32277+00","3","1380","12"
"1996","**Nuevo tecnico (Tecnoservicio)","-200","20/2/2019 23:01:34.268362+00","3","1379","12"
"1995","**Nuevo tecnico (Tecnoservicio)","-200","20/2/2019 22:54:48.462288+00","3","1378","12"
"1994","**Cambio de tecnico (LOCAL_OSCAR a CARLOS_HDZLOCAL)","-200","20/2/2019 22:41:37.193323+00","3","1375","9"
"1993","armado ","500","20/2/2019 22:28:15.597554+00","3","1352","20"
"1992","armado ","500","20/2/2019 22:12:50.970662+00","3","1338","20"
"1991","REVISION ","300","20/2/2019 22:09:17.355722+00","3","1336","20"
"1990","**Nuevo tecnico (FORANEO)","-200","20/2/2019 17:34:47.018224+00","3","1377","11"
"1989","ARMADO ","500","19/2/2019 23:37:41.797277+00","3","1364","20"
"1988","**Nuevo tecnico (CARLOS_HDZLOCAL)","-200","19/2/2019 22:33:42.226311+00","3","1376","9"
"1987","**Cambio de tecnico (Tecnico01 a LOCAL_OSCAR)","-200","19/2/2019 21:15:35.962466+00","3","1374","11"
"1986","**Nuevo tecnico (LOCAL_OSCAR)","-200","19/2/2019 20:59:50.22092+00","3","1375","9"
"1985","**Nuevo tecnico (Tecnico01)","-200","19/2/2019 17:21:48.725163+00","3","1374","11"
"1984","**Cambio de tecnico (Tecnico01 a AMADO_PACHUCA)","-200","18/2/2019 20:04:43.42671+00","3","1373","11"
"1983","**Nuevo tecnico (Tecnico01)","-200","18/2/2019 20:04:07.753923+00","3","1373","11"
"1982","**Cambio de tecnico (Tecnico01 a CARLOS_HDZLOCAL)","-200","18/2/2019 17:25:46.705776+00","3","1366",
"1981","**Cambio de tecnico (Tecnico01 a LOCAL_OSCAR)","-200","18/2/2019 17:22:07.738691+00","3","1371","11"
"1980","**Nuevo tecnico (Tecnico01)","-200","18/2/2019 16:53:09.644224+00","3","1372","12"
"1979","**Nuevo tecnico (Tecnico01)","-200","18/2/2019 16:52:14.694671+00","3","1371","11"
"1978","**Nuevo tecnico (Tecnico01)","-200","18/2/2019 16:47:58.254238+00","3","1370","12"
"1977","**Cambio de tecnico (Tecnico01 a LOCAL_OSCAR)","-200","18/2/2019 16:26:17.191059+00","3","1364",
"1976","**Nuevo tecnico (Tecnico01)","-200","18/2/2019 16:25:23.200141+00","3","1369","12"
"1975","**Nuevo tecnico (Tecnico01)","-200","18/2/2019 16:20:10.65539+00","3","1368","12"
"1974","**Nuevo tecnico (Tecnico01)","-200","18/2/2019 16:12:11.943118+00","3","1367","12"
"1973","**Nuevo tecnico (Tecnico01)","-200","18/2/2019 15:49:44.513257+00","3","1366",
"1972","**Nuevo tecnico (NATHANAEL_LEON)","-200","16/2/2019 18:44:05.568404+00","3","1365",
"1971","**Cambio de tecnico (tec2 a LOCAL_OSCAR)","-200","15/2/2019 22:38:53.524104+00","3","1363","11"
"1970","**Nuevo tecnico (Tecnico01)","-200","15/2/2019 20:30:44.954253+00","3","1364",
"1969","REVISION ","300","15/2/2019 18:18:21.926702+00","3","1313","20"
"1968","REVISION ","450","15/2/2019 18:03:44.04026+00","3","1312","20"
"1967","**Nuevo tecnico (tec2)","-200","15/2/2019 18:00:19.953539+00","3","1363","11"
"1966","**Nuevo tecnico (Tecnoservicio)","-200","15/2/2019 16:38:48.109657+00","3","1362","11"
"1965","**Nuevo tecnico (JOSEAUGUSTO_AGUASC)","-200","14/2/2019 23:31:34.21231+00","3","1361",
"1964","**Cambio de tecnico (Tecnico01 a LOCAL_OSCAR)","-200","14/2/2019 21:08:54.274496+00","3","1360",
"1963","**Nuevo tecnico (Tecnico01)","-200","14/2/2019 21:06:42.294785+00","3","1360",
"1962","**Nuevo tecnico (GABRIEL_MERIDA)","-200","14/2/2019 18:56:10.324184+00","3","1359","11"
"1961","**Nuevo tecnico (FORANEO)","-200","14/2/2019 18:00:54.240643+00","3","1358","11"
"1960","**Nuevo tecnico (Tecnico01)","-200","14/2/2019 17:27:17.880191+00","3","1357","12"
"1959","**Nuevo tecnico (Tecnico01)","-200","14/2/2019 17:23:54.761869+00","3","1356","12"
"1958","**Nuevo tecnico (Tecnico01)","-200","14/2/2019 17:21:00.357948+00","3","1355","12"
"1957","**Nuevo tecnico (Tecnico01)","-200","14/2/2019 16:44:51.670128+00","3","1354","12"
"1956","**Cambio de tecnico (LOCAL_OSCAR a CARLOS_HDZLOCAL)","-200","13/2/2019 22:36:17.9757+00","3","1345","11"
"1955","**Cambio de tecnico (Tecnoservicio a CARLOS_HDZLOCAL)","-200","13/2/2019 22:08:29.15005+00","3","1352","9"
"1954","**Nuevo tecnico (Tecnico01)","-200","13/2/2019 21:48:35.879919+00","3","1353","12"
"1953","**Nuevo tecnico (Tecnoservicio)","-200","13/2/2019 21:22:02.994187+00","3","1352","9"
"1952","**Cambio de tecnico (Tecnico01 a LOCAL_OSCAR)","-200","13/2/2019 18:49:20.964232+00","3","1351",
"1951","**Nuevo tecnico (Tecnico01)","-200","13/2/2019 18:41:04.064983+00","3","1351",
"1950","**Nuevo tecnico (Tecnico01)","-200","13/2/2019 18:01:01.829047+00","3","1350","12"
"1949","**Nuevo tecnico (Tecnico01)","-200","13/2/2019 17:56:37.317043+00","3","1349","12"
"1948","**Nuevo tecnico (Tecnico01)","-200","13/2/2019 17:51:28.266045+00","3","1348","12"
"1947","**Nuevo tecnico (Tecnico01)","-200","13/2/2019 17:36:38.718437+00","3","1347","12"
"1946","**Cambio de tecnico (LOCAL_OSCAR a CARLOS_HDZLOCAL)","-200","13/2/2019 17:24:19.646616+00","3","1290",
"1945","**Nuevo tecnico (Tecnoservicio)","-200","13/2/2019 17:21:21.272686+00","3","1346","9"
"1944","**Cambio de tecnico (Tecnico01 a LOCAL_OSCAR)","-200","12/2/2019 22:00:31.826293+00","3","1345","11"
"1943","**Cambio de tecnico (LOCAL_OSCAR a CARLOS_HDZLOCAL)","-200","12/2/2019 21:39:48.743431+00","3","1338","9"
"1942","**Cambio de tecnico (GENARO_MERIDA a GABRIEL_MERIDA)","-200","12/2/2019 21:27:24.649892+00","3","1240",
"1941","**Nuevo tecnico (Tecnico01)","-200","12/2/2019 19:53:40.835179+00","3","1345","11"
"1940","**Nuevo tecnico (Tecnico01)","-200","12/2/2019 19:51:14.964807+00","3","1344","11"
"1939","**Nuevo tecnico (Tecnico01)","-200","12/2/2019 16:53:12.336835+00","3","1343","12"
"1938","REVISION ","350","11/2/2019 22:31:54.226407+00","2","1299","20"
"1937","**Nuevo tecnico (Tecnico01)","-200","11/2/2019 22:29:48.513552+00","2","1342","12"
"1936","**Nuevo tecnico (Tecnico01)","-200","11/2/2019 22:25:41.868276+00","2","1341","12"
"1935","**Nuevo tecnico (Tecnico01)","-200","11/2/2019 22:21:55.461985+00","2","1340","12"
"1934","**Nuevo tecnico (Tecnico01)","-200","11/2/2019 22:19:13.77657+00","2","1339","12"
"1933","**Nuevo tecnico (LOCAL_OSCAR)","-200","11/2/2019 22:13:01.738632+00","2","1338","9"
"1932","**Nuevo tecnico (Tecnico01)","-200","11/2/2019 22:08:33.828923+00","2","1337","12"
"1931","REVISION ","450","11/2/2019 15:39:39.047754+00","2","1286","20"
"1930","**Cambio de tecnico (Tecnico01 a CARLOS_HDZLOCAL)","-200","9/2/2019 18:58:51.606612+00","2","1336",
"1929","**Nuevo tecnico (Tecnico01)","-200","9/2/2019 18:32:28.63815+00","2","1336",
"1928","**Nuevo tecnico (Tecnico01)","-200","9/2/2019 18:27:56.462951+00","2","1335","12"
"1927","**Nuevo tecnico (Tecnico01)","-200","9/2/2019 18:25:18.328931+00","2","1334","12"
"1926","**Nuevo tecnico (Tecnico01)","-200","9/2/2019 18:22:10.460022+00","2","1333","12"
"1925","**Nuevo tecnico (Tecnico01)","-200","9/2/2019 18:04:53.921913+00","2","1332","12"
"1924","**Nuevo tecnico (Tecnico01)","-200","9/2/2019 18:04:52.736537+00","2","1331","12"
"1923","**Nuevo tecnico (Tecnico01)","-200","9/2/2019 18:01:42.584734+00","2","1330","12"
"1922","**Nuevo tecnico (Tecnico01)","-200","9/2/2019 17:59:14.394132+00","2","1329","12"
"1921","**Nuevo tecnico (Tecnico01)","-200","8/2/2019 20:06:46.506495+00","2","1328","12"
"1920","**Nuevo tecnico (Tecnico01)","-200","8/2/2019 19:59:29.697939+00","2","1327","12"
"1919","**Nuevo tecnico (Tecnico01)","-200","8/2/2019 19:53:25.215958+00","2","1326","12"
"1918","**Nuevo tecnico (Tecnico01)","-200","8/2/2019 19:49:23.10093+00","2","1325","12"
"1917","**Nuevo tecnico (Tecnico01)","-200","8/2/2019 19:46:30.799311+00","2","1324","12"
"1916","**Nuevo tecnico (Tecnico01)","-200","8/2/2019 19:35:30.069608+00","2","1323","12"
"1915","**Nuevo tecnico (Tecnico01)","-200","8/2/2019 19:14:27.733152+00","2","1322","12"
"1914","**Nuevo tecnico (Tecnico01)","-200","8/2/2019 19:01:59.187254+00","2","1321","12"
"1913","**Nuevo tecnico (Tecnico01)","-200","8/2/2019 18:52:32.81431+00","2","1320","12"
"1912","**Nuevo tecnico (Tecnico01)","-200","8/2/2019 18:48:55.666768+00","2","1319","11"
"1911","**Nuevo tecnico (Tecnico01)","-200","8/2/2019 18:42:58.058919+00","2","1318","12"
"1910","**Nuevo tecnico (Tecnico01)","-200","8/2/2019 18:40:06.710216+00","2","1317","12"
"1909","**Nuevo tecnico (Tecnico01)","-200","8/2/2019 18:11:40.956223+00","2","1316","12"
"1908","**Nuevo tecnico (COATZA_MAR)","-200","8/2/2019 18:09:24.340731+00","2","1315",
"1907","**Nuevo tecnico (tec2)","-200","8/2/2019 16:52:53.771922+00","2","1314","11"
"1906","**Cambio de tecnico (Tecnico01 a LOCAL_OSCAR)","-200","8/2/2019 16:22:44.060078+00","2","1313",
"1905","**Cambio de tecnico (Tecnoservicio a LAZARO)","-200","8/2/2019 05:25:51.063483+00","2","1309","9"
"1904","**Cambio de tecnico (Tecnoservicio a LAZARO)","-200","8/2/2019 05:24:51.165485+00","2","1308","9"
"1903","**Cambio de tecnico (Tecnoservicio a LAZARO)","-200","8/2/2019 05:24:10.171399+00","2","1306","9"
"1902","**Nuevo tecnico (Tecnico01)","-200","7/2/2019 23:54:51.855662+00","2","1313",
"1901","REVISION ","300","7/2/2019 22:07:53.814103+00","2","1302","20"
"1900","**Cambio de tecnico (tec2 a CARLOS_HDZLOCAL)","-200","7/2/2019 21:45:24.499161+00","2","1281","11"
"1899","**Cambio de tecnico (tec2 a LOCAL_OSCAR)","-200","7/2/2019 21:30:48.594326+00","2","1311","11"
"1898","**Cambio de tecnico (Tecnico01 a LOCAL_OSCAR)","-200","7/2/2019 21:21:25.534024+00","2","1305","11"
"1897","**Cambio de tecnico (tec2 a CARLOS_HDZLOCAL)","-200","7/2/2019 19:49:32.553261+00","2","1312","11"
"1896","**Nuevo tecnico (tec2)","-200","7/2/2019 19:40:40.625392+00","2","1312","11"
"1895","**Nuevo tecnico (tec2)","-200","7/2/2019 19:12:52.888641+00","2","1311","11"
"1894","**Cambio de tecnico (Tecnoservicio a LOCAL_OSCAR)","-200","7/2/2019 02:56:30.331642+00","2","1307","9"
"1893","**Nuevo tecnico (Tecnoservicio)","-200","7/2/2019 00:09:58.314174+00","2","1310","9"
"1892","**Orden de armado","333.5","7/2/2019 00:09:58.311198+00","2","1310","9"
"1891","**Nuevo tecnico (Tecnoservicio)","-200","7/2/2019 00:07:44.608871+00","2","1309","9"
"1890","**Cambio de tecnico (Tecnico01 a LOCAL_OSCAR)","-200","7/2/2019 00:04:48.580991+00","2","1290",
"1889","**Nuevo tecnico (Tecnoservicio)","-200","7/2/2019 00:04:25.868285+00","2","1308","9"
"1888","**Nuevo tecnico (Tecnoservicio)","-200","7/2/2019 00:01:10.17607+00","2","1307","9"
"1887","**Nuevo tecnico (Tecnoservicio)","-200","6/2/2019 23:52:00.591631+00","2","1306","9"
"1886","**Nuevo tecnico (Tecnico01)","-200","6/2/2019 20:57:32.622308+00","2","1305","11"
"1885","REVISION ","350","6/2/2019 19:21:40.901124+00","2","1273","20"
"1884","**Nuevo tecnico (tec2)","-200","6/2/2019 18:15:09.389302+00","2","1304","11"
"1883","**Nuevo tecnico (Tecnico01)","-200","6/2/2019 17:54:30.413651+00","2","1303",
"1882","**Cambio de tecnico (Tecnico01 a LOCAL_OSCAR)","-200","6/2/2019 16:16:34.983978+00","2","1302",
"1881","**Nuevo tecnico (Tecnico01)","-200","6/2/2019 15:48:24.091088+00","2","1302",
"1880","**Nuevo tecnico (ISIDRO_TIJUANA)","-200","5/2/2019 22:27:08.20034+00","2","1301","9"
"1879","**Nuevo tecnico (SERGIO_IRAPUATO)","-200","5/2/2019 22:15:45.583194+00","2","1300","9"
"1878","**Cambio de tecnico (Tecnico01 a CARLOS_HDZLOCAL)","-200","5/2/2019 17:51:03.222688+00","2","1271",
"1877","**Cambio de tecnico (tec2 a CARLOS_HDZLOCAL)","-200","5/2/2019 17:46:03.175097+00","2","1299","11"
"1876","**Nuevo tecnico (tec2)","-200","5/2/2019 17:28:38.085468+00","2","1299","11"
"1875","**Cambio de tecnico (Tecnico01 a CARLOS_HDZLOCAL)","-200","5/2/2019 16:42:11.251233+00","2","1298",
"1874","**Nuevo tecnico (Tecnico01)","-200","5/2/2019 15:35:19.390324+00","2","1298",
"1873","**Nuevo tecnico (NATHANAEL_LEON)","-200","2/2/2019 18:42:49.083329+00","2","1297",
"1872","**Nuevo tecnico (ISIDRO_TIJUANA)","-200","1/2/2019 22:57:19.300405+00","2","1296",
"1871","**Nuevo tecnico (Tecnico01)","-200","1/2/2019 22:16:19.880594+00","2","1295","12"
"1870","**Nuevo tecnico (Tecnico01)","-200","1/2/2019 22:06:02.508252+00","2","1294","12"
"1869","**Nuevo tecnico (Tecnico01)","-200","1/2/2019 22:02:51.585027+00","2","1293","12"
"1868","**Nuevo tecnico (Tecnico01)","-200","1/2/2019 21:58:05.691685+00","2","1292","12"
"1867","**Nuevo tecnico (Tecnico01)","-200","1/2/2019 21:51:52.201212+00","2","1291","12"
"1866","**Nuevo tecnico (Tecnico01)","-200","1/2/2019 20:26:28.441976+00","2","1290",
"1865","**Cambio de tecnico (Tecnico01 a LOCAL_OSCAR)","-200","1/2/2019 20:03:10.771359+00","2","1284",
"1864","**Cambio de tecnico (Tecnico01 a LOCAL_OSCAR)","-200","1/2/2019 19:57:51.078776+00","2","1286","11"
"1863","**Cambio de tecnico (Tecnico01 a LOCAL_OSCAR)","-200","1/2/2019 19:50:38.440363+00","2","1279",
"1862","envio ","150","1/2/2019 19:21:39.357551+00","2","1219","20"
"1861","REVISION ","370","1/2/2019 19:20:33.103486+00","2","1257","20"
"1860","**Cambio de tecnico (FORANEO a COATZA_MAR)","-200","1/2/2019 19:07:54.827006+00","2","1231","11"
"1859","**Nuevo tecnico (REINALDO1_NVOLEON)","-200","1/2/2019 18:06:54.632955+00","2","1289","11"
"1858","**Nuevo tecnico (Tecnico01)","-200","31/1/2019 23:29:43.584653+00","2","1288",
"1857","**Cambio de tecnico (Tecnico01 a LOCAL_OSCAR)","-200","31/1/2019 21:47:26.402319+00","2","1272",
"1856","**Nuevo tecnico (Tecnoservicio)","-200","31/1/2019 20:17:02.117482+00","2","1287","9"
"1855","**Nuevo tecnico (Tecnico01)","-200","31/1/2019 19:03:07.901974+00","2","1286","11"
"1854","**Nuevo tecnico (COATZA_MAR)","-200","31/1/2019 17:54:40.076904+00","2","1285","11"
"1853","armado ","500","31/1/2019 17:35:53.115976+00","2","1265","20"
"1852","**Nuevo tecnico (Tecnico01)","-200","31/1/2019 17:23:34.482898+00","2","1284",
"1851","**Nuevo tecnico (Tecnico01)","-200","30/1/2019 17:17:43.789606+00","2","1283","12"
"1850","**Nuevo tecnico (Tecnico01)","-200","30/1/2019 17:15:48.314783+00","2","1282","12"
"1849","REVISION ","300","29/1/2019 20:07:41.595469+00","2","1251","20"
"1848","armado ","500","29/1/2019 20:04:04.326747+00","2","1249","20"
"1847","armado ","500","29/1/2019 20:03:00.118053+00","2","1243","20"
"1846","**Cambio de tecnico (CARLOS_HDZLOCAL a Tecnoservicio)","-200","29/1/2019 19:55:12.234909+00","2","1233","11"
"1845","**Nuevo tecnico (tec2)","-200","29/1/2019 19:32:20.911528+00","2","1281","11"
"1844","**Cambio de tecnico (PEDRO_POTOSI a Tecnoservicio)","-200","29/1/2019 19:16:56.581201+00","2","1277","11"
"1843","**Cambio de tecnico (Tecnico01 a CARLOS_HDZLOCAL)","-200","29/1/2019 19:12:43.072053+00","2","1273","11"
"1842","**Nuevo tecnico (JOSEAUGUSTO_AGUASC)","-200","29/1/2019 18:57:31.177099+00","2","1280",
"1841","**Nuevo tecnico (Tecnico01)","-200","29/1/2019 18:39:56.713837+00","2","1279",
"1840","**Nuevo tecnico (Tecnico01)","-200","29/1/2019 17:51:55.535982+00","2","1278",
"1839","**Cambio de tecnico (Tecnico01 a PEDRO_POTOSI)","-200","29/1/2019 17:11:15.115596+00","2","1277","11"
"1838","**Nuevo tecnico (Tecnico01)","-200","29/1/2019 17:08:06.555963+00","2","1277","11"
"1837","**Nuevo tecnico (Tecnico01)","-200","29/1/2019 16:44:14.203375+00","2","1276","12"
"1836","**Nuevo tecnico (Tecnico01)","-200","29/1/2019 16:34:27.376632+00","2","1275","12"
"1835","**Nuevo tecnico (Tecnico01)","-200","29/1/2019 16:30:27.006764+00","2","1274","12"
"1834","**Nuevo tecnico (Tecnico01)","-200","29/1/2019 16:11:02.377804+00","2","1273","11"
"1833","**Nuevo tecnico (Tecnico01)","-200","28/1/2019 23:01:34.775936+00","2","1272",
"1832","**Nuevo tecnico (Tecnico01)","-200","28/1/2019 22:47:56.765438+00","2","1271",
"1831","**Orden de armado","333.5","28/1/2019 22:47:56.758069+00","2","1271",
"1830","**Nuevo tecnico (Tecnico01)","-200","28/1/2019 16:57:48.534444+00","2","1270","12"
"1829","**Nuevo tecnico (Tecnico01)","-200","28/1/2019 16:53:16.523876+00","2","1269","12"
"1828","**Nuevo tecnico (Tecnico01)","-200","28/1/2019 16:43:36.482632+00","2","1268","12"
"1827","**Nuevo tecnico (MTY_CESAR_1)","-200","28/1/2019 16:33:49.843916+00","2","1267",
"1826","**Cambio de tecnico (Tecnico01 a LOCAL_OSCAR)","-200","26/1/2019 17:59:35.764313+00","2","1266",
"1825","**Cambio de tecnico (Tecnico01 a CARLOS_HDZLOCAL)","-200","26/1/2019 17:57:29.883723+00","2","1265",
"1824","**Nuevo tecnico (Tecnico01)","-200","26/1/2019 17:51:28.483063+00","2","1266",
"1823","**Orden de armado","333.5","26/1/2019 17:51:28.480196+00","2","1266",
"1822","**Nuevo tecnico (Tecnico01)","-200","26/1/2019 17:45:03.6208+00","2","1265",
"1821","**Nuevo tecnico (PEDRO_POTOSI)","-200","26/1/2019 17:24:28.701984+00","2","1264",
"1820","**Cambio de tecnico (LOCAL_OSCAR a CARLOS_HDZLOCAL)","-200","25/1/2019 21:10:47.476762+00","2","1257","9"
"1819","**Nuevo tecnico (Tecnico01)","-200","25/1/2019 18:34:30.710588+00","2","1263",
"1818","**Orden de armado","333.5","25/1/2019 18:34:30.668431+00","2","1263",
"1817","**Cambio de tecnico (Tecnico01 a LOCAL_OSCAR)","-200","25/1/2019 17:10:48.392458+00","2","1219","11"
"1816","**Cambio de tecnico (Tecnico01 a LOCAL_OSCAR)","-200","25/1/2019 17:06:35.44315+00","2","1258",
"1815","**Nuevo tecnico (Tecnico01)","-200","25/1/2019 16:48:07.727876+00","2","1262","12"
"1814","**Nuevo tecnico (Tecnico01)","-200","25/1/2019 16:44:49.107495+00","2","1261","12"
"1813","**Cambio de tecnico (LOCAL_OSCAR a CARLOS_HDZLOCAL)","-200","25/1/2019 16:29:15.783202+00","2","1131","11"
"1812","**Cambio de tecnico (CARLOS_HDZLOCAL a Tecnoservicio)","-200","25/1/2019 15:19:55.032342+00","2","1237","9"
"1811","**Nuevo tecnico (Tecnico01)","-200","24/1/2019 22:36:02.254352+00","2","1260","12"
"1810","**Nuevo tecnico (MARTIN_VER)","-200","24/1/2019 22:10:28.914064+00","2","1259",
"1809","**Nuevo tecnico (Tecnico01)","-200","24/1/2019 20:49:37.271112+00","2","1258",
"1808","**Cambio de tecnico (Tecnoservicio a LOCAL_OSCAR)","-200","24/1/2019 18:13:39.127951+00","2","1257","9"
"1807","armado ","750","24/1/2019 17:46:23.491111+00","2","1242","20"
"1806","tabla ","1500","24/1/2019 17:19:05.630087+00","2","1188","20"
"1805","**Nuevo tecnico (Tecnoservicio)","-200","23/1/2019 23:48:17.146483+00","2","1257","9"
"1804","**Nuevo tecnico (Tecnico01)","-200","23/1/2019 22:45:48.016183+00","2","1256","9"
"1803","**Cambio de tecnico (Tecnico01 a LOCAL_OSCAR)","-200","23/1/2019 22:22:10.915626+00","2","1131","11"
"1802","**Nuevo tecnico (Tecnico01)","-200","23/1/2019 19:44:08.738592+00","2","1255","12"
"1801","**Orden de armado","333.5","23/1/2019 19:44:08.731437+00","2","1255","12"
"1800","**Cambio de tecnico (Tecnico01 a LOCAL_OSCAR)","-200","23/1/2019 19:07:44.19679+00","2","1254",
"1799","**Nuevo tecnico (Tecnico01)","-200","23/1/2019 18:55:18.831902+00","2","1254",
"1798","**Orden de armado","333.5","23/1/2019 18:55:18.825651+00","2","1254",
"1797","**Nuevo tecnico (Tecnico01)","-200","23/1/2019 17:40:24.409147+00","2","1253","11"
"1796","**Cambio de tecnico (Tecnico01 a CARLOS_HDZLOCAL)","-200","23/1/2019 15:45:18.602875+00","2","1251",
"1795","**Nuevo tecnico (Tecnico01)","-200","23/1/2019 15:41:13.423004+00","2","1252","12"
"1794","**Nuevo tecnico (Tecnico01)","-200","23/1/2019 15:40:44.945168+00","2","1251",
"1793","**Nuevo tecnico (Tecnico01)","-200","23/1/2019 15:38:30.61633+00","2","1250","12"
"1792","**Cambio de tecnico (Tecnico01 a CARLOS_HDZLOCAL)","-200","22/1/2019 21:59:45.670852+00","2","1237","9"
"1791","**Cambio de tecnico (Tecnico01 a CARLOS_HDZLOCAL)","-200","22/1/2019 21:58:33.935558+00","2","1233","11"
"1790","armado ","500","22/1/2019 21:52:01.80468+00","2","1230","20"
"1789","ARMADO ","-1","22/1/2019 21:14:32.861471+00","2","1225","20"
"1788","**Cambio de tecnico (Tecnico01 a LOCAL_OSCAR)","-200","22/1/2019 17:01:34.772066+00","2","1249",
"1787","**Nuevo tecnico (Tecnico01)","-200","21/1/2019 20:34:12.052007+00","2","1249",
"1786","**Nuevo tecnico (Tecnico01)","-200","21/1/2019 19:54:54.775342+00","2","1248","11"
"1785","**Nuevo tecnico (Tecnico01)","-200","21/1/2019 18:36:31.040225+00","2","1247","12"
"1784","**Cambio de tecnico (Tecnico01 a LOCAL_OSCAR)","-200","21/1/2019 18:24:55.086357+00","2","1243",
"1783","**Nuevo tecnico (Tecnico01)","-200","21/1/2019 17:16:28.479929+00","2","1246","12"
"1782","**Nuevo tecnico (FORANEO)","-200","21/1/2019 17:14:18.443286+00","2","1245","11"
"1781","**Nuevo tecnico (Tecnico01)","-200","21/1/2019 17:14:04.847494+00","2","1244","12"
"1780","armado ","1300","21/1/2019 16:56:15.329805+00","2","1221","20"
"1779","**Nuevo tecnico (Tecnico01)","-200","21/1/2019 16:03:58.029524+00","2","1243",
"1778","**Nuevo tecnico (guadalajara01)","-200","19/1/2019 18:49:25.32429+00","2","1242",
"1777","**Cambio de tecnico (LOCAL_OSCAR a Tecnoservicio)","-200","19/1/2019 16:24:35.151923+00","2","1221",
"1776","**Nuevo tecnico (Tecnico01)","-200","18/1/2019 22:47:14.243717+00","2","1241","12"
"1775","**Nuevo tecnico (GENARO_MERIDA)","-200","18/1/2019 19:04:36.328793+00","2","1240",
"1774","**Nuevo tecnico (Tecnico01)","-200","18/1/2019 18:48:42.00116+00","2","1239",
"1773","**Nuevo tecnico (FORANEO)","-200","18/1/2019 18:26:38.316947+00","2","1238","11"
"1772","**Orden de armado","333.5","18/1/2019 18:26:38.313029+00","2","1238","11"
"1771","**Nuevo tecnico (Tecnico01)","-200","18/1/2019 17:43:23.31784+00","2","1237","9"
"1770","**Cambio de tecnico (CARLOS_HDZLOCAL a LOCAL_OSCAR)","-200","17/1/2019 23:40:36.02417+00","2","1236","9"
"1769","**Cambio de tecnico (MARTIN_VER a FORANEO)","-200","17/1/2019 22:18:36.16002+00","2","1231","11"
"1768","**Nuevo tecnico (CARLOS_HDZLOCAL)","-200","17/1/2019 21:10:10.586311+00","2","1236","9"
"1767","**Nuevo tecnico (Tecnico01)","-200","17/1/2019 18:25:06.301173+00","2","1235","12"
"1766","**Nuevo tecnico (Tecnico01)","-200","17/1/2019 17:30:10.799249+00","2","1234","12"
"1765","**Nuevo tecnico (Tecnico01)","-200","17/1/2019 17:23:18.349842+00","2","1233","11"
"1764","**Nuevo tecnico (Tecnico01)","-200","17/1/2019 16:48:42.227902+00","2","1232","12"
"1763","**Cambio de tecnico (Tecnico01 a CARLOS_HDZLOCAL)","-200","17/1/2019 16:45:34.926809+00","2","1230",
"1762","**Nuevo tecnico (MARTIN_VER)","-200","17/1/2019 16:22:59.623645+00","2","1231","11"
"1761","**Nuevo tecnico (Tecnico01)","-200","17/1/2019 15:16:03.683449+00","2","1230",
"1760","**Cambio de tecnico (Tecnico01 a LOCAL_OSCAR)","-200","17/1/2019 15:12:54.356082+00","2","1198",
"1759","**Nuevo tecnico (Tecnico01)","-200","16/1/2019 21:45:47.984158+00","2","1229","12"
"1758","**Nuevo tecnico (FORANEO)","-200","16/1/2019 18:30:54.495519+00","2","1228","11"
"1757","**Cambio de tecnico (Tecnoservicio a CARLOS_HDZLOCAL)","-200","16/1/2019 17:55:10.857239+00","2","1225","9"
"1756","REVISION ","450","16/1/2019 16:27:16.440275+00","2","1188","20"
"1755","**Nuevo tecnico (Tecnico01)","-200","16/1/2019 16:11:34.111906+00","2","1227","12"
"1754","**Nuevo tecnico (Tecnico01)","-200","16/1/2019 15:55:47.418694+00","2","1226","12"
"1753","ARMADO","551","16/1/2019 15:47:09.335833+00","2","1225","9"
"1752","**Nuevo tecnico (Tecnoservicio)","-200","16/1/2019 15:47:09.317859+00","2","1225","9"
"1751","TARJETA DE CONTROL ","-1750","16/1/2019 15:17:54.241689+00","2","1012","20"
"1750","**Nuevo tecnico (Tecnico01)","-200","15/1/2019 21:12:06.779508+00","2","1224",
"1749","**Nuevo tecnico (Tecnico01)","-200","15/1/2019 20:26:19.010516+00","2","1223","12"
"1748","**Cambio de tecnico (Tecnico01 a LOCAL_OSCAR)","-200","15/1/2019 20:06:06.64761+00","2","1221",
"1747","**Cambio de tecnico (Tecnico01 a LOCAL_OSCAR)","-200","15/1/2019 19:35:56.610548+00","2","1201","11"
"1746","**Nuevo tecnico (Tecnico01)","-200","15/1/2019 18:56:19.783865+00","2","1222",
"1745","**Nuevo tecnico (Tecnico01)","-200","15/1/2019 18:54:21.735431+00","2","1221",
"1744","**Cambio de tecnico (Tecnico01 a CARLOS_HDZLOCAL)","-200","14/1/2019 23:39:26.660031+00","2","1197","11"
"1743","**Nuevo tecnico (FORANEO)","-200","14/1/2019 23:14:01.259594+00","2","1220","11"
"1742","**Nuevo tecnico (Tecnico01)","-200","14/1/2019 22:38:48.591345+00","2","1219","11"
"1741","**Nuevo tecnico (Tecnico01)","-200","14/1/2019 19:12:42.009804+00","2","1218","12"
"1740","**Nuevo tecnico (Tecnico01)","-200","14/1/2019 18:37:08.29494+00","2","1217","12"
"1739","**Nuevo tecnico (Tecnico01)","-200","14/1/2019 18:33:31.937589+00","2","1216","12"
"1738","**Nuevo tecnico (Tecnico01)","-200","14/1/2019 18:25:21.509346+00","2","1215","12"
"1737","**Nuevo tecnico (Tecnico01)","-200","14/1/2019 18:21:36.739233+00","2","1214","12"
"1736","**Nuevo tecnico (Tecnico01)","-200","14/1/2019 18:16:36.656016+00","2","1213","12"
"1735","**Nuevo tecnico (Tecnico01)","-200","14/1/2019 18:13:10.901938+00","2","1212","12"
"1734","**Nuevo tecnico (Tecnico01)","-200","14/1/2019 18:10:03.632981+00","2","1211","12"
"1733","**Nuevo tecnico (Tecnico01)","-200","14/1/2019 18:04:40.843884+00","2","1210","12"
"1732","**Nuevo tecnico (Tecnico01)","-200","14/1/2019 17:58:19.399954+00","2","1209","12"
"1731","**Nuevo tecnico (Tecnico01)","-200","14/1/2019 17:53:55.006783+00","2","1208","12"
"1730","**Nuevo tecnico (Tecnico01)","-200","14/1/2019 17:49:46.220587+00","2","1207","12"
"1729","**Nuevo tecnico (Tecnico01)","-200","14/1/2019 17:39:21.651828+00","2","1206","12"
"1728","**Nuevo tecnico (Tecnico01)","-200","14/1/2019 17:34:40.672941+00","2","1205","12"
"1727","**Nuevo tecnico (Tecnico01)","-200","14/1/2019 17:29:55.155738+00","2","1204","12"
"1726","**Nuevo tecnico (Tecnico01)","-200","14/1/2019 17:22:17.247955+00","2","1203","12"
"1725","**Nuevo tecnico (Tecnico01)","-200","14/1/2019 17:18:29.054916+00","2","1202","12"
"1724","**Nuevo tecnico (Tecnico01)","-200","14/1/2019 16:59:25.911859+00","2","1201","11"
"1723","**Nuevo tecnico (Tecnico01)","-200","14/1/2019 16:35:05.33596+00","2","1200","11"
"1722","**Orden de armado","333.5","14/1/2019 16:35:05.317291+00","2","1200","11"
"1721","**Nuevo tecnico (Tecnoservicio)","-200","12/1/2019 16:34:07.960898+00","2","1199","9"
"1720","**Nuevo tecnico (Tecnico01)","-200","11/1/2019 22:53:22.620684+00","2","1198",
"1719","**Cambio de tecnico (tec2 a Tecnico01)","-200","11/1/2019 21:41:53.102261+00","2","1186","11"
"1718","**Nuevo tecnico (Tecnico01)","-200","11/1/2019 16:53:37.38793+00","2","1197","11"
"1717","**Cambio de tecnico (Tecnico01 a tec2)","-200","11/1/2019 16:51:25.135898+00","2","1186","11"
"1716","ARMADO ","500","11/1/2019 15:26:18.539941+00","2","1187","20"
"1715","**Nuevo tecnico (JOSELUIS_PUEBLA)","-200","10/1/2019 23:24:18.436744+00","2","1196",
"1714","**Nuevo tecnico (MTY_CESAR_1)","-200","10/1/2019 22:35:29.51045+00","2","1195",
"1713","**Nuevo tecnico (Tecnoservicio)","-200","10/1/2019 22:13:28.065661+00","2","1194","9"
"1712","**Nuevo tecnico (Tecnico01)","-200","10/1/2019 21:20:05.771789+00","2","1193",
"1711","armado ","500","10/1/2019 18:59:41.070064+00","2","1183","20"
"1710","**Nuevo tecnico (Tecnoservicio)","-200","10/1/2019 18:48:23.827808+00","2","1192","9"
"1709","**Nuevo tecnico (FORANEO)","-200","9/1/2019 23:26:38.534677+00","2","1191",
"1708","**Nuevo tecnico (Tecnico01)","-200","9/1/2019 18:45:52.626328+00","2","1190","11"
"1707","**Cambio de tecnico (Tecnico01 a CARLOS_HDZLOCAL)","-200","9/1/2019 17:41:27.755407+00","2","1188","11"
"1706","**Nuevo tecnico (Tecnico01)","-200","9/1/2019 16:29:06.220336+00","2","1189","11"
"1705","**Cambio de tecnico (CARLOS_HDZLOCAL a LOCAL_OSCAR)","-200","9/1/2019 16:12:37.797854+00","2","1187",
"1704","**Nuevo tecnico (Tecnico01)","-200","8/1/2019 19:22:50.288799+00","2","1188","11"
"1703","**Cambio de tecnico (Tecnico01 a CARLOS_HDZLOCAL)","-200","7/1/2019 23:19:18.846018+00","2","1187",
"1702","**Nuevo tecnico (Tecnico01)","-200","7/1/2019 22:57:49.063146+00","2","1187",
"1701","**Orden de armado","333.5","7/1/2019 22:57:49.052918+00","2","1187",
"1700","**Cambio de tecnico (Tecnico01 a CARLOS_HDZLOCAL)","-200","7/1/2019 19:14:04.888799+00","2","1185","11"
"1699","**Nuevo tecnico (Tecnico01)","-200","7/1/2019 18:52:24.010133+00","2","1186","11"
"1698","**Nuevo tecnico (Tecnico01)","-200","7/1/2019 16:14:51.80989+00","2","1185","11"
"1697","**Cambio de tecnico (Tecnico01 a LOCAL_OSCAR)","-200","5/1/2019 18:12:45.077571+00","2","1184",
"1696","**Nuevo tecnico (Tecnico01)","-200","4/1/2019 23:59:51.048639+00","2","1184",
"1695","REVISION ","300","4/1/2019 21:37:59.027432+00","2","1140","20"
"1694","armado ","500","4/1/2019 15:23:13.876259+00","2","1165","20"
"1693","armado ","500","4/1/2019 15:22:23.935593+00","2","1164","20"
"1692","REVISION ","-300","4/1/2019 15:21:34.771303+00","2","1134","20"
"1691","TARJETA DE CONTROL ","1750","4/1/2019 15:21:24.700053+00","2","1134","20"
"1690","CONSOLA ","2200","4/1/2019 15:18:04.205315+00","2","1163","20"
"1689","**Cambio de tecnico (Tecnico01 a CARLOS_HDZLOCAL)","-200","3/1/2019 18:46:58.70341+00","2","1183",
"1688","**Nuevo tecnico (Tecnico01)","-200","3/1/2019 00:01:22.850603+00","2","1183",
"1687","**Cambio de tecnico (Tecnico01 a CARLOS_HDZLOCAL)","-200","2/1/2019 19:40:41.930579+00","2","1170","11"
"1686","**Cambio de tecnico (Tecnico01 a LOCAL_OSCAR)","-200","2/1/2019 19:35:21.15166+00","2","1163",
"1685","REVISION ","550","2/1/2019 19:28:28.858106+00","2","1141","20"
"1684","**Cambio de tecnico (Tecnico01 a LOCAL_OSCAR)","-200","2/1/2019 19:10:05.341681+00","2","1168","11"
"1683","**Nuevo tecnico (SERGIO_IRAPUATO)","-200","2/1/2019 18:50:34.766649+00","2","1182","9"
"1682","**Icon revision","609","2/1/2019 18:50:34.756844+00","2","1182","9"
"1681","ARMADO ","750","2/1/2019 16:42:04.01861+00","2","1157","20"
"1680","**Nuevo tecnico (FORANEO)","-200","2/1/2019 15:50:14.356904+00","2","1181","11"
"1679","**Nuevo tecnico (Tecnico01)","-200","31/12/2018 17:57:29.475143+00","2","1180","12"
"1678","**Nuevo tecnico (Tecnico01)","-200","31/12/2018 17:57:28.307415+00","2","1179","12"
"1677","**Nuevo tecnico (Tecnico01)","-200","31/12/2018 17:57:27.128044+00","2","1178","12"
"1676","**Nuevo tecnico (Tecnico01)","-200","31/12/2018 17:57:25.953654+00","2","1177","12"
"1675","**Nuevo tecnico (Tecnico01)","-200","31/12/2018 17:57:24.788684+00","2","1176","12"
"1674","**Nuevo tecnico (Tecnico01)","-200","31/12/2018 17:57:23.620447+00","2","1175","12"
"1673","**Nuevo tecnico (Tecnico01)","-200","31/12/2018 17:57:22.450163+00","2","1174","12"
"1672","**Nuevo tecnico (Tecnico01)","-200","31/12/2018 17:57:21.267138+00","2","1173","12"
"1671","**Nuevo tecnico (Tecnico01)","-200","31/12/2018 17:57:20.093122+00","2","1172","12"
"1670","**Nuevo tecnico (Tecnico01)","-200","31/12/2018 17:57:18.904429+00","2","1171","12"
"1669","**Nuevo tecnico (Tecnico01)","-200","31/12/2018 17:57:01.265564+00","2","1170","11"
"1668","**Nuevo tecnico (COATZA_MAR)","-200","31/12/2018 17:54:00.216656+00","2","1169",
"1667","**Nuevo tecnico (Tecnico01)","-200","31/12/2018 17:41:15.498972+00","2","1168","11"
"1666","**Nuevo tecnico (Tecnico01)","-200","31/12/2018 16:22:44.194498+00","2","1167","12"
"1665","**Nuevo tecnico (MARTIN_VER)","-200","31/12/2018 16:12:31.494866+00","2","1166","11"
"1664","**Cambio de tecnico (Tecnico01 a CARLOS_HDZLOCAL)","-200","31/12/2018 15:34:34.807024+00","2","1165",
"1663","**Cambio de tecnico (Tecnico01 a CARLOS_HDZLOCAL)","-200","31/12/2018 15:33:47.116179+00","2","1164",
"1662","**Nuevo tecnico (Tecnico01)","-200","29/12/2018 18:15:02.294734+00","2","1165",
"1661","**Nuevo tecnico (Tecnico01)","-200","29/12/2018 15:55:05.23872+00","2","1164",
"1660","**Orden de armado","333.5","29/12/2018 15:55:05.228026+00","2","1164",
"1659","**Nuevo tecnico (Tecnico01)","-200","28/12/2018 21:41:46.86505+00","2","1163",
"1658","**Nuevo tecnico (Tecnico01)","-200","28/12/2018 19:53:11.618762+00","2","1162","11"
"1657","**Orden de armado","333.5","28/12/2018 19:53:11.604552+00","2","1162","11"
"1656","**Cambio de tecnico (Tecnico01 a CARLOS_HDZLOCAL)","-200","28/12/2018 15:47:47.159052+00","2","1157","11"
"1655","MOTOR DE VELOCIDAD ","-1750","28/12/2018 15:36:59.708543+00","2","1117","20"
"1654","ARMADO ","650","28/12/2018 15:36:01.292043+00","2","1153","20"
"1653","**Nuevo tecnico (Tecnico01)","-200","28/12/2018 00:14:48.203099+00","2","1161","12"
"1652","**Nuevo tecnico (Tecnico01)","-200","28/12/2018 00:10:06.891221+00","2","1160","12"
"1651","**Nuevo tecnico (Tecnico01)","-200","27/12/2018 23:57:49.636937+00","2","1159","12"
"1650","**Nuevo tecnico (Tecnico01)","-200","27/12/2018 23:49:16.682015+00","2","1158","12"
"1649","**Cambio de tecnico (Tecnico01 a CARLOS_HDZLOCAL)","-200","27/12/2018 18:29:37.074771+00","2","1155","11"
"1648","**Nuevo tecnico (Tecnico01)","-200","27/12/2018 17:30:24.08546+00","2","1157","11"
"1647","**Nuevo tecnico (ISAU_XALAPA)","-200","27/12/2018 17:10:28.146842+00","2","1156","11"
"1646","**Nuevo tecnico (Tecnico01)","-200","27/12/2018 17:05:45.866657+00","2","1155","11"
"1645","**Cambio de tecnico (Tecnico01 a CARLOS_HDZLOCAL)","-200","27/12/2018 16:05:46.775543+00","2","1154","11"
"1644","**Cambio de tecnico (CARLOS_HDZLOCAL a Tecnoservicio)","-200","26/12/2018 23:37:47.54092+00","2","1140","9"
"1643","**Nuevo tecnico (Tecnico01)","-200","26/12/2018 19:46:12.19582+00","2","1154","11"
"1642","MOTOR DE VELOCIDAD ","2200","26/12/2018 17:14:37.233336+00","2","1059","20"
"1641","**Cambio de tecnico (Tecnico01 a LOCAL_OSCAR)","-200","26/12/2018 17:05:06.51288+00","2","1153",
"1640","**Nuevo tecnico (Tecnico01)","-200","26/12/2018 16:51:14.928256+00","2","1153",
"1639","**Nuevo tecnico (Tecnico01)","-200","26/12/2018 16:27:35.229752+00","2","1152","12"
"1638","**Nuevo tecnico (Tecnico01)","-200","26/12/2018 16:24:06.092374+00","2","1151","12"
"1637","ARMADO ","650","24/12/2018 19:44:24.584724+00","2","1138","20"
"1636","ARMADO ","500","24/12/2018 19:43:51.178848+00","2","1115","20"
"1635","BALEROS ","-600","24/12/2018 19:43:33.089371+00","2","1112","20"
"1634","**Cambio de tecnico (Tecnico01 a LOCAL_OSCAR)","-200","24/12/2018 19:35:04.10345+00","2","1150","11"
"1633","**Nuevo tecnico (Tecnico01)","-200","24/12/2018 19:28:57.414087+00","2","1150","11"
"1632","**Cambio de tecnico (Tecnico01 a CARLOS_HDZLOCAL)","-200","24/12/2018 18:23:24.445642+00","2","1140","9"
"1631","**Cambio de tecnico (LOCAL_OSCAR a CARLOS_HDZLOCAL)","-200","24/12/2018 18:11:42.024863+00","2","1059",
"1630","**Nuevo tecnico (Tecnico01)","-200","21/12/2018 23:39:42.011795+00","2","1149","12"
"1629","**Nuevo tecnico (Tecnico01)","-200","21/12/2018 23:33:49.044559+00","2","1148","12"
"1628","**Nuevo tecnico (AMADO_PACHUCA)","-200","20/12/2018 20:22:08.309289+00","2","1147",
"1627","**Orden de armado","333.5","20/12/2018 20:22:08.297939+00","2","1147",
"1626","**Cambio de tecnico (FORANEO a ARTURO_TORREON)","-200","20/12/2018 18:16:55.30014+00","2","1065",
"1625","**Cambio de tecnico (FORANEO a LUIS_ZACATECAS)","-200","20/12/2018 17:58:18.744322+00","2","1107","11"
"1624","**Nuevo tecnico (Tecnico01)","-200","20/12/2018 16:21:03.482471+00","2","1146","12"
"1623","**Nuevo tecnico (Tecnico01)","-200","19/12/2018 18:18:36.410437+00","2","1145","12"
"1622","**Nuevo tecnico (Tecnico01)","-200","19/12/2018 18:12:07.880309+00","2","1144","12"
"1621","**Nuevo tecnico (Tecnico01)","-200","19/12/2018 18:03:35.254238+00","2","1143","12"
"1620","**Orden de armado","333.5","19/12/2018 18:03:35.172058+00","2","1143","12"
"1619","**Nuevo tecnico (FORANEO)","-200","18/12/2018 19:52:54.969568+00","2","1142","11"
"1618","**Orden de armado","333.5","18/12/2018 19:52:54.962945+00","2","1142","11"
"1617","**Nuevo tecnico (AMADO_PACHUCA)","-200","18/12/2018 18:28:54.83628+00","2","1141","11"
"1616","**Nuevo tecnico (Tecnico01)","-200","17/12/2018 19:21:09.437001+00","2","1140","9"
"1615","**Nuevo tecnico (Tecnico01)","-200","17/12/2018 17:26:33.328799+00","2","1139","12"
"1614","**Nuevo tecnico (CARLOS_HDZLOCAL)","-200","17/12/2018 15:33:31.592693+00","2","1138",
"1613","**Nuevo tecnico (Tecnico01)","-200","15/12/2018 18:21:48.279465+00","2","1137","12"
"1612","**Nuevo tecnico (Tecnico01)","-200","15/12/2018 18:05:28.171243+00","2","1136","12"
"1611","**Nuevo tecnico (Tecnico01)","-200","15/12/2018 17:59:04.282044+00","2","1135","12"
"1610","**Cambio de tecnico (Tecnico01 a CARLOS_HDZLOCAL)","-200","15/12/2018 17:47:40.246123+00","2","1134",
"1609","TARJETA DE CONTROL ","-1750","15/12/2018 17:31:48.656363+00","2","1095","20"
"1608","**Nuevo tecnico (Tecnico01)","-200","13/12/2018 23:26:50.437287+00","2","1134",
"1607","**Nuevo tecnico (MTY_CESAR_1)","-200","13/12/2018 23:05:47.233543+00","2","1133",
"1606","ARMADO ","250","12/12/2018 19:47:22.355787+00","2","1116","20"
"1605","REVISION ","300","12/12/2018 19:38:21.419674+00","2","1111","20"
"1604","REVISION ","300","12/12/2018 19:23:13.008924+00","2","1100","20"
"1603","REVISION ","300","12/12/2018 19:19:59.570315+00","2","1117","20"
"1602","**Cambio de tecnico (FORANEO a Tecnoservicio)","-200","11/12/2018 18:24:40.444183+00","2","1121",
"1601","**Nuevo tecnico (Tecnico01)","-200","11/12/2018 16:41:17.677948+00","2","1132","12"
"1600","**Nuevo tecnico (Tecnico01)","-200","11/12/2018 16:09:19.286585+00","2","1131","11"
"1599","**Nuevo tecnico (Tecnico01)","-200","10/12/2018 21:17:43.965412+00","2","1130","9"
"1598","**Nuevo tecnico (Tecnico01)","-200","10/12/2018 20:07:17.380722+00","2","1129","12"
"1597","**Nuevo tecnico (Tecnico01)","-200","10/12/2018 20:04:37.810243+00","2","1128","12"
"1596","**Nuevo tecnico (Tecnico01)","-200","10/12/2018 19:53:19.302793+00","2","1127","12"
"1595","**Nuevo tecnico (Tecnico01)","-200","10/12/2018 19:50:24.26113+00","2","1126","12"
"1594","**Nuevo tecnico (Tecnico01)","-200","10/12/2018 19:46:55.920351+00","2","1125","12"
