"2318",,"REFRESCO CHAPARRITA","1","t","t","124","1070","36688"
"2319",,"REFRESCO LATA","1","t","t","124","1070","36688"
"2241",,"PAY DECORADO","1","t","t","116","1070","36597"
"2254",,"VELA","1","t","t","118","1070","27736"
"2240",,"BOCADILLOS","1","t","t","115","1070","36624"
"2229",,"REPOSTERIA ROYAL","1","t","t","114","1070","36586"
"2230",,"RESPOTERIA ROYAL","1","t","t","114","1070","36586"
"2231",,"REPOSTERIA ROYAL","1","t","t","114","1070","36586"
"2232",,"RESPOTERIA ROYAL","1","t","t","114","1070","36586"
"2233",,"RESPOTERIA ROYAL","1","t","t","114","1070","36586"
"2234",,"RESPOTERIA","1","t","t","114","1070","36586"
"5410",,"Cja Corbatín","1","t","t","117","1070","36586"
"2237",,"EMPANADA ATUN","1","t","t","115","1070","36624"
"2239",,"ROLLO JAMON","1","t","t","115","1070","36624"
"2278",,"BOLA QUESO","1","t","t","115","1070","36624"
"2247",,"CORBATIN GRANDE","1","t","t","117","1070","36586"
"2248",,"CORBATIN CHICO","1","t","t","117","1070","36586"
"2252",,"CORBATIN DOMO CHICO","1","t","t","117","1070","36586"
"5682",,"Velas","1","t","t","547","1070","27736"
"2272",,"BOLILLO","1","t","t","120","1070","36592"
"2222",,"DANES","1","t","t","114","1070","36587"
"2223",,"DANES CH","1","t","t","114","1070","36587"
"2224",,"DANES GDE","1","t","t","114","1070","36587"
"2225",,"BIZCOCHO CH","1","t","t","114","1070","36587"
"2226",,"BIZCOCHO GDE","1","t","t","114","1070","36587"
"2227",,"ROYAL CH","1","t","t","114","1070","36587"
"2228",,"ROYAL GDE","1","t","t","114","1070","36587"
"2236",,"PAN GOURMET","1","t","t","115","1070","36587"
"2238",,"BOLINACHO","1","t","t","115","1070","36587"
"2242",,"PAY SIN DECORAR 105","1","t","t","116","1070","36597"
"2243",,"PANQUE CH","1","t","t","116","1070","36597"
"2244",,"PANQUE GDE","1","t","t","116","1070","36597"
"2245",,"ROSCA DE NUEZ  CH","1","t","t","116","1070","36597"
"2246",,"ROSCA DE NUEZ  GDE","1","t","t","116","1070","36597"
"2249",,"DOMO PASTA SECA  CH","1","t","t","117","1070","36596"
"2250",,"DOMO PASTA SECA  GDE","1","t","t","117","1070","36596"
"2251",,"TARTITA","1","t","t","117","1070","36596"
"2255",,"VELA","1","t","t","118","1070","27736"
"2256",,"VELA","1","t","t","118","1070","27736"
"2257",,"VELA","1","t","t","118","1070","27736"
"2258",,"VELA","1","t","t","118","1070","27736"
"2259",,"VELA","1","t","t","118","1070","27736"
"2260",,"VELA","1","t","t","118","1070","27736"
"2261",,"VELA","1","t","t","118","1070","27736"
"2262",,"GELATINA CH","1","t","t","119","1070","36622"
"2263",,"GELATINA GDE","1","t","t","119","1070","36622"
"2264",,"GELATINA VASO","1","t","t","119","1070","36622"
"2265",,"FLAN VASO","1","t","t","119","1070","36622"
"2266",,"PASTEL FANTASIA ","1","t","t","119","1070","36622"
"2267",,"RANTIA DE PUENTE","1","t","t","119","1070","36622"
"2268",,"BARRA","1","t","t","120","1070","36592"
"2269",,"BARRA ","1","t","t","120","1070","36592"
"2270",,"BARRA","1","t","t","120","1070","36592"
"2271",,"BOLA CAMPESINA","1","t","t","120","1070","36592"
"2273",,"CIAPATA","1","t","t","120","1070","36592"
"2274",,"FIGURA","1","t","t","120","1070","36592"
"2275",,"PAMBAZO","1","t","t","120","1070","36592"
"2276",,"PAN SALADO INTEGRAL","1","t","t","120","1070","36592"
"2279",,"PALMERA","1","t","t","121","1070","36586"
"2280",,"PALMERA CHOCOLATE","1","t","t","121","1070","36586"
"2281",,"GUSANO PIÑA","1","t","t","121","1070","36586"
"2282",,"HELADO 1","1","t","t","122","1070","36615"
"2283",,"HELADO 1/2","1","t","t","122","1070","36615"
"2284",,"HELADO DOB","1","t","t","122","1070","36615"
"2285",,"HELADO SEN","1","t","t","122","1070","36615"
"2286",,"CAPUCHINO CH","1","t","t","123","1070","36663"
"2287",,"CAPUCHINO GDE","1","t","t","123","1070","36663"
"2288",,"CAPUCHINO FRIO CH","1","t","t","123","1070","36663"
"2289",,"CAPUCHINO FRIO GDE","1","t","t","123","1070","36663"
"2290",,"FRAPUCHINO CH","1","t","t","123","1070","36663"
"2291",,"FRAPUCHINO GDE","1","t","t","123","1070","36663"
"2292",,"MOKA CH","1","t","t","123","1070","36663"
"2293",,"MOKA GDE","1","t","t","123","1070","36663"
"2294",,"MOKA FRIO CH","1","t","t","123","1070","36663"
"2295",,"MOKA FRIO GDE","1","t","t","123","1070","36663"
"2296",,"MOKA FRAPE CH","1","t","t","123","1070","36663"
"2297",,"MOKA FRAPE GDE","1","t","t","123","1070","36663"
"2298",,"CHOCOLATE CH","1","t","t","123","1070","36663"
"2299",,"CHOCOLATE GDE","1","t","t","123","1070","36663"
"2300",,"AMERICANO CH","1","t","t","123","1070","36663"
"2301",,"AMERICANO GDE","1","t","t","123","1070","36663"
"2302",,"EXPRESS CH","1","t","t","123","1070","36663"
"2303",,"EXPRESS GDE","1","t","t","123","1070","36663"
"2304",,"LATÉ CH","1","t","t","123","1070","36663"
"2305",,"LATÉ GDE","1","t","t","123","1070","36663"
"2306",,"SABOR","1","t","t","123","1070","36663"
"2307",,"EXTRA","1","t","t","123","1070","36663"
"2308",,"INFUSION CH","1","t","t","124","1070","36670"
"2309",,"INFUSION GDE","1","t","t","124","1070","36670"
"2310",,"TÉ CLÁSICO CH","1","t","t","124","1070","36670"
"2311",,"TÉ CLÁSICO GDE","1","t","t","124","1070","36670"
"2312",,"CHAI CH","1","t","t","124","1070","36670"
"2313",,"CHAI GDE","1","t","t","124","1070","36670"
"2314",,"CHAI FRIO CH","1","t","t","124","1070","36670"
"2315",,"CHAI FRIO GDE","1","t","t","124","1070","36670"
"2316",,"CHAI FRAPPE CH","1","t","t","124","1070","36670"
"2317",,"CHAI FRAPPE GDE","1","t","t","124","1070","36670"
"2321",,"CUERNO SOLO","1","t","t","125","1070","36624"
"2322",,"CUERNO PREPARADO","1","t","t","125","1070","36624"
"2235",,"REPOSTERIA","1","t","t","250","1070","36586"
"2323",,"SANDWICH","1","t","t","125","1070","36624"
"2324",,"CORBATIN","1","t","t","125","1070","36586"
"2325",,"PASTAS","1","t","t","125","1070","36586"
"2327",,"ESTRELLA","1","t","t","126","1070","36625"
"2328",,"CUBANA","1","t","t","126","1070","36625"
"2329",,"RUSA","1","t","t","126","1070","36625"
"2330",,"SUIZA","1","t","t","126","1070","36625"
"2331",,"TOLUQUEÑA","1","t","t","126","1070","36625"
"2332",,"TAHITIANA","1","t","t","126","1070","36625"
"2333",,"HAWAIANA","1","t","t","126","1070","36625"
"2334",,"ITALIANA","1","t","t","126","1070","36625"
"2335",,"QUESILLO","1","t","t","126","1070","36625"
"2336",,"PIERNA ADOBADA","1","t","t","126","1070","36625"
"2337",,"POLLO ADOBADO","1","t","t","126","1070","36625"
"2338",,"PIERNA","1","t","t","126","1070","36625"
"2339",,"MILANESA ","1","t","t","126","1070","36625"
"2930",,"1/4 PASTA SECA","1","t","f","238","1070","36586"
"2341",,"CHORIZO ","1","t","t","126","1070","36625"
"2342",,"JAMON ","1","t","t","126","1070","36625"
"2343",,"SALCHICHA ","1","t","t","126","1070","36625"
"2344",,"HUEVO ","1","t","t","126","1070","36625"
"2345",,"ING. EXTRA","1","t","t","126","1070","36625"
"3838",,"CHILES","1","t","t","480","1070","36586"
"2347",,"600 Y 700 ML.","1","t","t","124","1070","36688"
"2348",,"LATA","1","t","t","124","1070","36688"
"2349",,"AGUA EMB.","1","t","t","124","1070","36683"
"2326",,"FRUTA DESHIDRTADA CH","1","t","t","125","1070","36633"
"2320",,"AGUA","1","t","t","124","1070","36683"
"2372",,"FRUTA DESHIDRTADA GDE","1","t","t","125","1070","36633"
"2351",,"1/2 POLLO","1","t","t","127","1070","36388"
"2352",,"POLLO","1","t","t","127","1070","36388"
"2354",,"ROSTI PAPAS CH","1","t","t","127","1070","36607"
"2356",,"KACHY PAPAS CH","1","t","t","127","1070","36607"
"2355",,"ROSTI PAPAS GDE","1","t","t","127","1070","36607"
"2357",,"KACHY PAPAS GDE","1","t","t","127","1070","36607"
"2358",,"CHILES","1","t","t","127","1070","53138"
"2359",,"SALSA","1","t","t","127","1070","36650"
"2350",,"SALCHICHAS","1","t","t","127","1070","36433"
"2370",,"SALCHICHA 1/4","1","t","t","127","1070","36433"
"2381",,"Bola de queso","1","t","t","120","1070","36624"
"2353",,"PIERNA DE PAVO","1","t","t","127","1070","36390"
"2369",,"SALCHICHA 1/2","1","t","t","127","1070","36433"
"5683",,"Buñuelo Grande","1","t","t","557","1070","36586"
"2928",,"1/2 pollo","1","t","t","198","1070","36586"
"2929",,"1/2  pollo preparado","1","t","t","198","1070","36586"
"2931",,"1/4 pollo","1","t","t","198","1070","36586"
"2932",,"1/4 pollo preparado","1","t","t","198","1070","36586"
"2934",,"adobo","1","t","t","199","1070","36586"
"2935",,"Adobo/","1","t","t","194","1070","36586"
"2941",,"Albóndigas","1","t","t","199","1070","36586"
"2942",,"Albóndigas/","1","t","t","194","1070","36586"
"2945",,"alitas preparadas","1","t","t","198","1070","36586"
"4872",,"PEDIDOS","1","t","t","504","1070","36586"
"2957",,"America0","1","t","t","197","1070","36586"
"2958",,"Arroz/","1","t","t","194","1070","36586"
"2959",,"Arroz a la Mexicana","1","t","t","199","1070","36586"
"5360",,"GASTO","1","t","t","531",,
"2963",,"1/2 BAGUETTE REPOSADA","1","t","t","195",,
"2962",,"BAGUETTE  REPOSADA","1","t","t","195",,
"2982",,"Bizcochería","1","t","t","201","1070","36586"
"2955",,"ALPURA SEMI ","1","t","f","241","1070","36586"
"2986",,"BLANCO CH","1","t","t","244","1070","36586"
"2985",,"BIZCOCHO COMERCIAL","1","t","t","218","1070","36586"
"2984",,"BIZCOCHO","1","t","t","218","1070","36586"
"2983",,"BIZCOCHITO","1","t","t","218","1070","36586"
"2981",,"BISQUET RELLENO","1","t","t","236","1070","36586"
"2980",,"BESOS","1","t","t","219","1070","36586"
"2979",,"BATARD","1","t","t","232","1070","36586"
"2978",,"BARRITA B.","1","t","t","195","1070","36586"
"5355",,"ENSALADA TAHONA","1","t","t","523","1070","36633"
"2976",,"BARRA INTEGRAL","1","t","t","234","1070","36586"
"2975",,"BARRA F.","1","t","t","229","1070","36586"
"2974",,"BARRA DE MIL HOJAS","1","t","t","229","1070","36586"
"2972",,"BARQUILLO","1","t","t","225","1070","36586"
"2971",,"BANDERILLAS CAJA","1","t","t","245","1070","36586"
"2970",,"BANDERILLA ","1","t","t","223","1070","36586"
"2969",,"BANDA  3 F.","1","t","t","229","1070","36586"
"2968",,"BAGUETTE  VIENA","1","t","t","195","1070","36586"
"2967",,"BAGUETTE C","1","t","t","195","1070","36586"
"2966",,"BAGUETTE BORDOLESSE","1","t","t","195","1070","36586"
"2965",,"BAGUETTE 3/4","1","t","t","195","1070","36586"
"2964",,"BAGUETTE ","1","t","t","195","1070","36586"
"2951",,"ALPURA CLÁSICA ENT","1","t","f","241","1070","36586"
"2954",,"ALPURA PIÑA-COCO","1","t","f","241","1070","36586"
"2961",,"BAGEL","1","t","t","232","1070","36586"
"2960",,"AVENA Y NATA","1","t","t","232","1070","36586"
"2977",,"BARRITA CON AJONJOLI","1","t","t","195",,
"2948",,"ALPURA 2000","1","t","f","241","1070","36586"
"5408",,"Rosca Familiar","1","t","t","539","1070","36586"
"2952",,"ALPURA DESLAC","1","t","t","241","1070","36586"
"2950",,"ALPURA CLÁSICA","1","t","t","241","1070","36586"
"2947",,"ALMOHADAS","1","t","t","223","1070","36586"
"2946",,"ALMEJA","1","t","t","236","1070","36586"
"2944",,"ALEMAN F.","1","t","t","232","1070","36586"
"2943",,"ALEMAN 4","1","t","t","232","1070","36586"
"2940",,"ALAMARES","1","t","t","224","1070","36586"
"2939",,"AHUACATA","1","t","t","222","1070","36586"
"2938",,"AGUA FIEL 500 ML","1","t","t","241","1070","36586"
"2937",,"AGUA FIEL 1LT","1","t","t","241","1070","36586"
"2936",,"AGUA FIEL 1.500 ML","1","t","t","241","1070","36586"
"2933",,"ABANICOS","1","t","t","233","1070","36586"
"2926",,"1/2 BAGUETTE","1","t","t","195","1070","36586"
"2989",,"Bocadillos","1","t","t","196","1070","36586"
"5411",,"Vela","1","t","t","118","1070","27736"
"5437",,"PIERNA","1","t","t","541",,
"3023",,"CALAVERA MED","1","t","f","245","1070","36586"
"3000",,"Bollo Queso y Salami","1","t","t","201","1070","36586"
"3021",,"CALAVERA CHICA","1","t","f","245","1070","36586"
"3009",,"Buñuelos","1","t","t","194","1070","36586"
"3012",,"Caja de Galleta","1","t","t","201","1070","36586"
"3016",,"Calabacitas/","1","t","t","194","1070","36586"
"3017",,"Calabacitas c/cerdo","1","t","t","199","1070","36586"
"3024",,"Camote","1","t","t","194","1070","36586"
"3029",,"Capirotada/","1","t","t","194","1070","36586"
"3030",,"Capuchino","1","t","t","197","1070","36586"
"3031",,"Capuchino Late Chai","1","t","t","197","1070","36586"
"3032",,"Carga de Express","1","t","t","197","1070","36586"
"3035",,"Carnitas/","1","t","t","194","1070","36586"
"3040",,"Chapata","1","t","t","201","1070","36586"
"3042",,"Chapata bocadillo","1","t","t","201","1070","36586"
"3043",,"Chapata c/Salami","1","t","t","201","1070","36586"
"3044",,"Chapata de Bacalao","1","t","t","196","1070","36586"
"3045",,"Chapata de Romeritos","1","t","t","196","1070","36586"
"3019",,"CALAVERA #6","1","t","f","245","1070","36586"
"3047",,"Chicharrón","1","t","t","194","1070","36586"
"3048",,"Chile en Nogada/","1","t","t","194","1070","36586"
"3049",,"Chile Relle0","1","t","t","199","1070","36586"
"3050",,"Chile Relleno","1","t","t","194","1070","36586"
"3052",,"Chocolate Francés ","1","t","t","197","1070","36586"
"3053",,"Chocolate Mestizo","1","t","t","197","1070","36586"
"3062",,"Cochinita","1","t","t","194","1070","36586"
"3065",,"Codito","1","t","t","199","1070","36586"
"3066",,"Codito/","1","t","t","194","1070","36586"
"3068",,"comida","1","t","t","199","1070","36586"
"3020",,"CALAVERA DE AZUCAR","1","t","t","245","1070","36586"
"3075",,"Croissant Jamón","1","t","t","201","1070","36586"
"3076",,"Crush naranja","1","t","t","241","1070","36586"
"3088",,"Cuerno SC","1","t","t","201","1070","36586"
"3011",,"CAJA CARTÓN","1","t","f","228","1070","36586"
"3091",,"DANES I.","1","t","t","234","1070","36586"
"3090",,"DANES","1","t","t","220","1070","36586"
"3089",,"CUPCAKE","1","t","t","229","1070","36586"
"3087",,"CUERNO I.","1","t","t","234","1070","36586"
"3086",,"CUERNO BOCADILLO","1","t","t","220","1070","36586"
"3085",,"CUERNO 1 1/2","1","t","t","220","1070","36586"
"3084",,"CUERNO","1","t","t","220","1070","36586"
"3083",,"CUCHILLO DESECHABLE","1","t","t","228","1070","36586"
"3082",,"CUCHARAS Y TENEDORES","1","t","t","228","1070","36586"
"3081",,"CUBILETE Q.","1","t","t","236","1070","36586"
"3080",,"CUBILETE E.","1","t","t","236","1070","36586"
"3079",,"CUBILETE CON FRUTA","1","t","t","229","1070","36586"
"3078",,"CUBILETE CM.","1","t","t","236","1070","36586"
"3077",,"CUBILETE C.","1","t","t","236","1070","36586"
"3074",,"COSTAL","1","t","t","228","1070","36586"
"3073",,"CORRAL","1","t","t","223","1070","36586"
"3072",,"CONDE","1","t","t","233","1070","36586"
"3070",,"CONCHA GRANDE","1","t","t","218","1070","36586"
"3069",,"COMIDA","1","t","t","199","1070","36586"
"3067",,"COMEDORES","1","t","t","234","1070","36586"
"3064",,"COCOL I","1","t","t","234","1070","36586"
"3063",,"COCOL","1","t","t","222","1070","36586"
"3061",,"COCA COLA LIGHT","1","t","t","241","1070","36586"
"3060",,"COCA COLA LATA","1","t","t","241","1070","36586"
"2991",,"BOLILLITO","1","t","f","195","1070","36586"
"3058",,"COCA COLA 600 ML.","1","t","t","241","1070","36586"
"3057",,"COCA COLA 1 LT.","1","t","t","241","1070","36586"
"2994",,"BOLILLO,/TELERA MEDIANO","1","t","t","195","1070","36586"
"3055",,"CHURROS","1","t","t","237","1070","36586"
"3054",,"CHOUS","1","t","t","236","1070","36586"
"3051",,"CHINO","1","t","t","225","1070","36586"
"3041",,"CHAPATA B.","1","t","t","195","1070","36586"
"3039",,"CHAPATA .","1","t","t","195","1070","36586"
"3038",,"CHAPATA","1","t","t","195","1070","36586"
"3037",,"CENTENO","1","t","t","232","1070","36586"
"3036",,"CAZUELAS","1","t","t","233","1070","36586"
"3034",,"CARLOTAS","1","t","t","229","1070","36586"
"3033",,"CARIOCAS","1","t","t","233","1070","36586"
"3028",,"CANDLE PICK","1","t","t","228","1070","36586"
"3027",,"CANDELABRO","1","t","t","228","1070","36586"
"3026",,"CANASTAS","1","t","t","233","1070","36586"
"3025",,"CAMPECHANAS","1","t","t","223","1070","36586"
"2995",,"BOLLO ","1","t","f","195","1070","36586"
"3022",,"CALAVERA CHOCOLATE","1","t","t","245","1070","36586"
"2988",,"BOCADILLOS PREPARADOS","1","t","t","245","1070","36586"
"4873",,"TELERA","1","t","t","493","1070","36586"
"3018",,"CALABAZA","1","t","t","233","1070","36586"
"3015",,"CAJA TRUFA CUBIERTA","1","t","t","229","1070","36586"
"3014",,"CAJA DE PALITOS ","1","t","t","195","1070","36586"
"3013",,"CAJA DE MAZAPAN","1","t","t","245","1070","36586"
"3010",,"CACAHUATE","1","t","t","236","1070","36586"
"3007",,"BUÑUELO ESPECIAL","1","t","t","237","1070","36586"
"3006",,"BUDIN","1","t","t","236","1070","36586"
"3005",,"BROCAS","1","t","t","223","1070","36586"
"3004",,"BORREGOS","1","t","t","233","1070","36586"
"3003",,"BORRACHO ","1","t","t","229","1070","36586"
"3002",,"BOLSA PLÁSTICO","1","t","t","228","1070","36586"
"3001",,"BOLSA DE GALLETA","1","t","t","238","1070","36586"
"2997",,"BOLLO P/HAMBURGUESA NORMAL","1","t","t","239",,
"2999",,"BOLLO P/HAMBURGUESA GIGANTE","1","t","t","239",,
"2996",,"BOLLO C/Q","1","t","t","195","1070","36586"
"2993",,"BOLILLO","1","t","t","195","1070","36586"
"2992",,"BOLILLITO C.","1","t","t","195","1070","36586"
"2990",,"BOLA BERLÍN","1","t","t","237","1070","36586"
"3094",,"Doble Express ","1","t","t","197","1070","36586"
"3099",,"Dona","1","t","t","201","1070","36586"
"4875",,"PAN BLANCO","1","t","t","493","1070","36586"
"3101",,"Doradita/Biz.Med","1","t","t","201","1070","36586"
"3103",,"E. Brasileña","1","t","t","199","1070","36586"
"3104",,"E. Manzana","1","t","t","199","1070","36586"
"3105",,"Empanada Atún","1","t","t","201","1070","36586"
"3111",,"Empanada Huachinango","1","t","t","201","1070","36586"
"5684",,"Rosca Mega","1","t","t","562","1070","36586"
"3115",,"Emp Bacalao","1","t","t","201","1070","36586"
"3116",,"Emp Camaron","1","t","t","201","1070","36586"
"3117",,"Emp Dulces","1","t","t","201","1070","36586"
"3108",,"EMPANADA D.","1","t","f","235","1070","36586"
"3119",,"Ensalada Rusa","1","t","t","199","1070","36586"
"3120",,"Ensalada Rusa/","1","t","t","194","1070","36586"
"3125",,"Express","1","t","t","197","1070","36586"
"5361",,"DESCUENTO 20%","1","t","f","531",,
"3139",,"Frijoles Charros","1","t","t","199","1070","36586"
"3140",,"Frijoles Charros/","1","t","t","194","1070","36586"
"3141",,"Frijoles refritos/","1","t","t","194","1070","36586"
"3142",,"Frijoles Refritos","1","t","t","199","1070","36586"
"3145",,"Fuzze Tea","1","t","t","201","1070","36586"
"3149",,"GALLETA DE AVENA","1","t","t","201","1070","36586"
"3151",," galletas","1","t","t","201","1070","36586"
"3153",,"Galletas","1","t","t","201","1070","36586"
"3154",,"Galletería","1","t","t","201","1070","36586"
"3161",,"Gelatina 805","1","t","t","201","1070","36586"
"3163",,"Gelatina 808","1","t","t","201","1070","36586"
"3164",,"Gelatina Capacillo","1","t","t","201","1070","36586"
"3167",,"Gingerale","1","t","t","241","1070","36586"
"3110",,"EMPANADA DE CUARESMA","1","t","t","235","1070","36586"
"3172",,"Hamburguesa","1","t","t","249","1070","36586"
"3178",,"PASTA HOJALDRE","1","t","t","233","1070","36586"
"3177",,"Hojaldra Mole","1","t","t","201","1070","36586"
"3185",,"Latte","1","t","t","197","1070","36586"
"5409",,"ADORNO NAVIDEÑO","1","t","t","245","1070",
"5357",,"ENSALADA LIGERA","1","t","t","523","1070","36633"
"3197",,"MASA B.","1","t","t","195","1070","36586"
"3196",,"MARIDO","1","t","t","222","1070","36586"
"3118",,"Emp Tradicional","1","t","t","201",,
"3194",,"MANTECADA  N.","1","t","t","236","1070","36586"
"3193",,"MANTECADA","1","t","t","219","1070","36586"
"3192",,"MAGICAS","1","t","t","228","1070","36586"
"3190",,"MADRILEÑA","1","t","t","223","1070","36586"
"3189",,"LLUVIA DE","1","t","t","228","1070","36586"
"3188",,"LEVADURA","1","t","t","245","1070","36586"
"3187",,"LECHUZA F.","1","t","t","223","1070","36586"
"3186",,"LAUREL","1","t","t","223","1070","36586"
"3184",,"LADRILLO","1","t","t","221","1070","36586"
"3183",,"INTEGRAL N.","1","t","t","232","1070","36586"
"3182",,"INTEGRAL GRD","1","t","t","244","1070","36586"
"3181",,"INTEGRAL CH","1","t","t","244","1070","36586"
"3180",,"INGLESES","1","t","t","222","1070","36586"
"3179",,"HUESOS","1","t","t","224","1070","36586"
"3176",,"HOGAZA ","1","t","t","232","1070","36586"
"3175",,"HIGOS","1","t","t","225","1070","36586"
"3173",,"HERSHEYS CHOCOLATE","1","t","t","241","1070","36586"
"3171",,"GUSANO B.","1","t","t","219","1070","36586"
"3170",,"GUSANO","1","t","t","224","1070","36586"
"3168",,"GLITTER AZUL Y ROJO","1","t","t","228","1070","36586"
"3166",,"GENDARME","1","t","t","221","1070","36586"
"3165",,"GELATINA DE VASO","1","t","t","230","1070","36586"
"3162",,"GELATINA 808","1","t","t","230","1070","36586"
"3160",,"GELATINA 805","1","t","t","230","1070","36586"
"3159",,"GELATINA 220","1","t","t","230","1070","36586"
"3158",,"GELATINA 200","1","t","t","230","1070","36586"
"3157",,"GELATINA 180","1","t","t","230","1070","36586"
"3156",,"GELATINA","1","t","t","230","1070","36586"
"3155",,"GARABATO","1","t","t","236","1070","36586"
"3152",,"GALLETA S.","1","t","t","221","1070","36586"
"3150",,"GALLETA NAVIEDEÑA","1","t","t","238","1070","36586"
"3148",,"GALLETA DE AVENA","1","t","t","221","1070","36586"
"3147",,"GALLETA CH.","1","t","t","236","1070","36586"
"3146",,"GALLETA","1","t","t","238","1070","36586"
"3144",,"FRUTAL","1","t","t","241","1070","36586"
"3143",,"FRUIT CAKE","1","t","t","233","1070","36586"
"3138",,"FRESCA","1","t","t","241","1070","36586"
"3137",,"FRESA CUBIERTA","1","t","t","236","1070","36586"
"3136",,"FORTILECHE","1","t","t","241","1070","36586"
"3135",,"FLOR","1","t","t","223","1070","36586"
"3134",,"FLECHA","1","t","t","223","1070","36586"
"3132",,"FLAN NAPOLITANO","1","t","t","229","1070","36586"
"3131",,"FIGURAS","1","t","t","228","1070","36586"
"3130",,"FIGURA ESPECIAL","1","t","t","195","1070","36586"
"3129",,"FIESTA INSTANTANEA","1","t","t","228","1070","36586"
"3128",,"FELIZ CUMPLEAÑOS ","1","t","t","228","1070","36586"
"3127",,"FANTASIA","1","t","t","229","1070","36586"
"3124",,"EUROPEO I.","1","t","t","232","1070","36586"
"3123",,"ESTRELLA","1","t","t","224","1070","36586"
"3122",,"ESPIRAL DE","1","t","t","233","1070","36586"
"3121",,"ESPEJOS","1","t","t","221","1070","36586"
"3112",,"EMPANADA S.","1","t","t","235","1070","36586"
"3109",,"EMPANADA D","1","t","t","235","1070","36586"
"3107",,"EMPANADA C/P","1","t","t","225","1070","36586"
"3106",,"EMPANADA/B","1","t","t","219","1070","36586"
"3102",,"DORADITAS","1","t","t","245","1070","36586"
"3098",,"DONA","1","t","t","237","1070","36586"
"3097",,"DOMO BANDERILLA  MED","1","t","t","245","1070","36586"
"3096",,"DOMO BANDERILLA ","1","t","t","245","1070","36586"
"3095",,"DOMINO","1","t","t","236","1070","36586"
"3093",,"DELICIOSA","1","t","t","236","1070","36586"
"3126",,"Fanta","1","t","t","241",,
"5412",,"Canasta Navideña","1","t","t","117","1070","36586"
"5685",,"Rosca Extra Grande","1","t","t","562","1070","36586"
"5057",,"xxxx","1","t","f","502",,
"3301",,"PASTEL TRUFFA","1","t","t","229","1070","36586"
"5362",,"DESCUENTO 50%","1","t","f","532",,
"3217",,"Mocachino","1","t","t","197","1070","36586"
"5082",,"Rebanada de flan","1","t","t","510",,
"3224",,"Nata","1","t","t","201","1070","36586"
"3227",,"Nopales","1","t","t","194","1070","36586"
"3206",,"MINI ALPURA PIÑA/C","1","t","f","241","1070","36586"
"3230",,"oaxaca orden 90grs","1","t","t","196","1070","36586"
"3237",,"Otros","1","t","t","233","1070","36586"
"3238",,"Paella kg","1","t","t","194","1070","36586"
"3240",,"Paleta Del Niño","1","t","t","201","1070","36586"
"3248",,"Palomitas bolsa","1","t","t","200","1070","36586"
"3250",,"Pambazo Comercial","1","t","t","194","1070","36586"
"3205",,"MINI ALPURA GUAN","1","t","f","241","1070","36586"
"5179",,"Pan Muerto Chico","1","t","t","502","1070","36586"
"3209",,"MINI FRESA","1","t","f","241","1070","36586"
"3204",,"MINI ALPURA FRESA","1","t","f","241","1070","36586"
"3207",,"MINI SABORIZADA","1","t","t","241","1070","36586"
"3285",,"Papas Caseras","1","t","t","198","1070","36586"
"3286",,"Papas c/chorizo","1","t","t","199","1070","36586"
"3287",,"Papas c/Chorizo","1","t","t","194","1070","36586"
"3288",,"Paq. Pescuezos","1","t","t","198","1070","36586"
"3289",,"Paquete 1","1","t","t","198","1070","36586"
"3290",,"Paquete 2","1","t","t","198","1070","36586"
"3291",,"Paquete3","1","t","t","198","1070","36586"
"5219",,"Vela de resorte","1","t","t","228",,
"3303",,"Pastelería Especial","1","t","t","201","1070","36586"
"5217",,"Rosca","1","t","t","116","1070","36586"
"3300",,"PASTEL CICILIANO MED","1","t","t","229","1070","36586"
"3299",,"PASTEL CICILIANO","1","t","t","229","1070","36586"
"3298",,"PASTEL CH.","1","t","t","229","1070","36586"
"3297",,"PASTA SECA MEDIANA","1","t","t","238","1070","36586"
"3296",,"PASTA SECA GRANDE","1","t","t","238","1070","36586"
"3295",,"PASTA SECA CHICA ","1","t","t","238","1070","36586"
"3294",,"PASTA SECA A GRANEL","1","t","t","238","1070","36586"
"5197",,"Oreja","1","t","t","477","1070","36586"
"3292",,"PAQUETE DE 3","1","t","t","236","1070","36586"
"5215",,"domo Corbatín","1","t","t","117","1070","36586"
"3283",,"PANQUE R.","1","t","t","231","1070","36586"
"3282",,"PANQUÉ OREO","1","t","t","231","1070","36586"
"3281",,"PAN NAVIDEÑO","1","t","t","218","1070","36586"
"3269",,"MUERTO RELLENO 2","1","t","t","218","1070","36586"
"3266",,"MUERTO   3","1","t","t","218","1070","36586"
"3278",,"PAN MOLIDO 5","1","t","t","239","1070","36586"
"3277",,"PAN MOLIDO 2","1","t","t","239","1070","36586"
"3276",,"PAN MOLIDO 1 ","1","t","t","239","1070","36586"
"3275",,"PAN M.","1","t","t","234","1070","36586"
"3274",,"PAN M","1","t","t","224","1070","36586"
"3273",,"PAN INTEGRAL ","1","t","t","234","1070","36586"
"3271",,"PAN FINO","1","t","t","224","1070","36586"
"3270",,"PAN ESPAÑOL","1","t","t","195","1070","36586"
"3265",,"MUERTO RELLENO  4","1","t","t","218","1070","36586"
"3264",,"PAN DE MUERTO","1","t","f","218","1070","36586"
"3279",,"MUERTO   2","1","t","t","218","1070","36586"
"3262",,"MUERTO  4","1","t","t","218","1070","36586"
"3263",," PAN DE MUERTO","1","t","f","218","1070","36586"
"3293",,"PASTA HOJALDRE","1","t","f","233","1070","36586"
"3280",,"MUERTO RELLENO  1","1","t","t","218","1070","36586"
"3261",,"PAN DE MAIZ","1","t","t","232","1070","36586"
"3260",,"PAN CAJA INTEGRAL JUMBO","1","t","t","239",,
"3258",,"PAN CAJA BLANCO JUMB","1","t","t","239","1070","36586"
"3257",,"PAN CAJA BLANCO","1","t","t","239","1070","36586"
"3256",,"PAN B. 30","1","t","t","234","1070","36586"
"3255",,"PAN ARABE","1","t","t","222","1070","36586"
"3254",,"PANADEROS","1","t","t","224","1070","36586"
"3252",,"PAMBAZO N.","1","t","t","195","1070","36586"
"3251",,"PAMBAZO M.","1","t","t","195","1070","36586"
"3249",,"PAMBAZO B.","1","t","t","195","1070","36586"
"3247",,"PALOMA F","1","t","t","223","1070","36586"
"3246",,"PALOMA A","1","t","t","223","1070","36586"
"3245",,"PALMERA","1","t","t","223","1070","36586"
"3244",,"PALITO TOSTADO","1","t","t","195","1070","36586"
"3243",,"PALITO SUAVE","1","t","t","195","1070","36586"
"3242",,"PALETA OREO","1","t","t","236","1070","36586"
"3241",,"PALETA DONA","1","t","t","237","1070","36586"
"3239",,"PALA PASTELES","1","t","t","228","1070","36586"
"3236",,"OTROS","1","t","t","233","1070","36586"
"3235",,"OREJA P","1","t","t","223","1070","36586"
"3234",,"OREJA C/HIGO","1","t","t","233","1070","36586"
"3233",,"OREJA","1","t","t","223","1070","36586"
"3232",,"OJO DE TIGRE ","1","t","t","236","1070","36586"
"3231",,"OJO DE BUEY","1","t","t","233","1070","36586"
"3229",,"NUMEROS","1","t","t","228","1070","36586"
"5242",,"PAN MUERTO","1","t","t","519","1070","36586"
"3226",,"NIDOS","1","t","t","236","1070","36586"
"3225",,"NIDO","1","t","t","222","1070","36586"
"3222",,"MULTIS","1","t","t","236","1070","36586"
"3221",,"MUFFIN DE","1","t","t","236","1070","36586"
"3220",,"MUFFIN","1","t","t","236","1070","36586"
"3219",,"MUELA","1","t","t","223","1070","36586"
"3218",,"MOKA","1","t","t","229","1070","36586"
"3214",,"MINI PASTEL ","1","t","t","229","1070","36586"
"3213",,"MINI NATURAL","1","t","t","241","1070","36586"
"3212",,"MINI MUFFIN ","1","t","t","236","1070","36586"
"3210",,"MINI FRUTAL","1","t","t","241","1070","36586"
"3201",,"MEDIAS NOCHES GDE con ajonjoli","1","t","t","239",,
"3200",,"MEDIAS NOCHES 6 PZAS","1","t","t","239","1070","36586"
"3259",,"PAN CAJA INTEGRAL","1","t","t","239",,
"5358",,"GALLETA POLVORON","1","t","t","515","1070","36586"
"5413",,"Pavo Familiar","1","t","t","536",,
"3311",,"Pata","1","t","t","194","1070","36586"
"3422",,"TELERA C.","1","t","f","195","1070","36586"
"3322",,"Peñafielada ","1","t","t","241","1070","36586"
"3383",,"ROSCA RELLENA","1","t","f","226","1070","36586"
"3324",,"Peñafiel sabores","1","t","t","241","1070","36586"
"3325",,"Peñafiel twist","1","t","t","241","1070","36586"
"3327",,"Pescuezo ","1","t","t","198","1070","36586"
"3332",,"Pizza","1","t","t","201","1070","36586"
"3335",,"Plato d´Pozole/","1","t","t","194","1070","36586"
"3337",,"Pollo al Ajillo","1","t","t","199","1070","36586"
"3338",,"Pollo c/mole","1","t","t","199","1070","36586"
"3339",,"Pollo c/Mole","1","t","t","194","1070","36586"
"3340",,"Pollo Rostizado","1","t","t","198","1070","36586"
"3346",,"Promoción2 X","1","t","t","198","1070","36586"
"3392",,"SABALINAS","1","t","f","231","1070","36586"
"5083",,"Concha rellena","1","t","t","510",,
"3355",,"Queso asadero","1","t","t","201","1070","36586"
"3356",,"Queso fresco rancher","1","t","t","201","1070","36586"
"3357",,"Queso Oaxaca","1","t","t","201","1070","36586"
"3359",,"Rajas c/crema","1","t","t","199","1070","36586"
"3360",,"Rajas c/Crema","1","t","t","194","1070","36586"
"3361",,"Rajas San Martín","1","t","t","198","1070","36586"
"3367",,"Repostería","1","t","t","201","1070","36586"
"3368",,"Requeson","1","t","t","201","1070","36586"
"3377",,"Rollo Salchicha","1","t","t","201","1070","36586"
"3393",,"Salchicha coctel","1","t","t","198","1070","36586"
"3394",,"Salsa de guacamole","1","t","t","198","1070","36586"
"3395",,"salsas","1","t","t","198","1070","36586"
"3397",,"Sandwich","1","t","t","201","1070","36586"
"3404",,"Sopa Inst Prep","1","t","t","201","1070","36586"
"3408",,"Suspiro individual","1","t","t","197","1070","36586"
"3839",,"SALSA","1","t","t","480","1070","36586"
"3407",,"STRAWBERRY","1","t","t","229","1070","36586"
"3406",,"STARTS RESORTS","1","t","t","228","1070","36586"
"3405",,"SPRITE","1","t","t","241","1070","36586"
"3403",,"SIDRAL","1","t","t","241","1070","36586"
"3401",,"SENZAO","1","t","t","241","1070","36586"
"3400",,"SEMAFOROS","1","t","t","219","1070","36586"
"3399",,"SEMA","1","t","t","222","1070","36586"
"3398",,"SARGENTOS","1","t","t","221","1070","36586"
"3396",,"SALVADO C.","1","t","t","232","1070","36586"
"3391",,"RUSTICO","1","t","t","232","1070","36586"
"3389",,"ROSCA  S.I.","1","t","t","236","1070","36586"
"3388",,"ROSCA REYES  5","1","t","t","226","1070","36586"
"3387",,"ROSCA REYES  4","1","t","t","226","1070","36586"
"3386",,"ROSCA  REYES  3","1","t","t","226","1070","36586"
"3385",,"ROSCA  REYES  2","1","t","t","226","1070","36586"
"3384",,"ROSCA  REYES  1","1","t","t","226","1070","36586"
"3382",,"ROSCA N","1","t","t","231","1070","36586"
"3381",,"ROSCA M","1","t","t","224","1070","36586"
"3380",,"ROSCA FINA","1","t","t","224","1070","36586"
"3378",,"ROSAS","1","t","t","195","1070","36586"
"3376",,"ROLES","1","t","t","233","1070","36586"
"3375",,"RIOJA","1","t","t","232","1070","36586"
"3374",,"RIELES","1","t","t","233","1070","36586"
"3373",,"REYES RELLENA  5","1","t","t","226","1070","36586"
"3372",,"REYES RELLENA  4","1","t","t","226","1070","36586"
"3371",,"REYES RELLENA  3","1","t","t","226","1070","36586"
"3370",,"REYES RELLENA  2","1","t","t","226","1070","36586"
"3369",,"REYES RELLENA  1","1","t","t","226","1070","36586"
"3366",,"REJAS","1","t","t","224","1070","36586"
"3365",,"REINAS","1","t","t","229","1070","36586"
"3364",,"REBANAD Q.","1","t","t","236","1070","36586"
"3363",,"REBANADAS","1","t","t","219","1070","36586"
"3362",,"REBANADA P.","1","t","t","229","1070","36586"
"3358",,"QUEZADAS","1","t","t","245","1070","36586"
"3354",,"PUNTOS Y SERPENTINAS","1","t","t","228","1070","36586"
"3353",,"PUERQUITOS","1","t","t","221","1070","36586"
"5218",,"Flan","1","t","t","119","1070","36586"
"5216",,"Panque","1","t","t","116","1070","36586"
"3349",,"PROMOCIÓN PAN BCO C","1","t","t","244","1070","36586"
"3348",,"PROMOCIÓN PAN","1","t","t","239","1070","36586"
"3347",,"PROMOCIÓN CAJA","1","t","t","239","1070","36586"
"3345",,"POLVORON  S.","1","t","t","221","1070","36586"
"3344",,"POLVORON  N.","1","t","t","221","1070","36586"
"3343",,"POLVORON  M.","1","t","t","221","1070","36586"
"3342",,"POLVORON C.","1","t","t","221","1070","36586"
"3341",,"POLVORON","1","t","t","221","1070","36586"
"3336",,"PLUMA","1","t","t","223","1070","36586"
"3334",,"PLATO DESECHABLE","1","t","t","228","1070","36586"
"3333",,"PLATANOS","1","t","t","225","1070","36586"
"3331",,"PIOJOSA","1","t","t","222","1070","36586"
"3330",," PIÑAS","1","t","t","233","1070","36586"
"3329",,"PIEDRA","1","t","t","221","1070","36586"
"3328",,"PICONES","1","t","t","222","1070","36586"
"3326",,"PERLA","1","t","t","222","1070","36586"
"3321",,"PELONAS","1","t","t","195","1070","36586"
"3320",,"PELLIZCO","1","t","t","221","1070","36586"
"3319",,"PECHUGA B.","1","t","t","222","1070","36586"
"3315",,"PAY  Q.","1","t","f","236","1070","36586"
"3314",,"PAY FRESA","1","t","t","231","1070","36586"
"3313",,"PAY DE QUESO","1","t","t","231","1070","36586"
"3312",,"PAY DE ELOTE","1","t","t","231","1070","36586"
"2277",,"TELERA","1","t","t","120","1070","36586"
"3309",,"PASTEL PLANCHA","1","t","t","229","1070","36586"
"3316",,"PAY UVA PASA","1","t","f","231","1070","36586"
"3307",,"PASTEL M.","1","t","t","229","1070","36586"
"3306",,"PASTEL LINEA","1","t","t","229","1070","36586"
"3305",,"PASTEL INDIVIDUAL","1","t","t","236","1070","36586"
"3317",,"P. DE _MUERTO","1","t","f","218","1070","36586"
"3418",,"Té ","1","t","t","197","1070","36586"
"3421",,"BOLILLO/TELERA BOCADILLO.","1","t","t","195","1070","36586"
"5414",,"Pavo grande","1","t","t","536",,
"3427",,"Tinga de Pollo/Res","1","t","t","194","1070","36586"
"3428",,"Torta Brasileña","1","t","t","196","1070","36586"
"3429",,"Torta Carlitos","1","t","t","196","1070","36586"
"3430",,"Torta Chile Relle","1","t","t","196","1070","36586"
"3431",,"Torta Chorizo","1","t","t","196","1070","36586"
"3432",,"Torta Cubana","1","t","t","196","1070","36586"
"3433",,"Torta Española","1","t","t","196","1070","36586"
"3434",,"torta huevo y choriz","1","t","t","196","1070","36586"
"3435",,"torta  huevo y jamon","1","t","t","196","1070","36586"
"3436",,"torta Jamon","1","t","t","196","1070","36586"
"3437",,"Torta Melchori","1","t","t","196","1070","36586"
"3438",,"Torta Milanesa","1","t","t","196","1070","36586"
"3439",,"Torta Napolitana","1","t","t","196","1070","36586"
"3440",,"Torta Pierna","1","t","t","196","1070","36586"
"3441",,"Torta Pollo Rost","1","t","t","196","1070","36586"
"5318",,"ADOBO","1","t","t","522","1070","36633"
"3443",,"Tortitas de Camarón","1","t","t","194","1070","36586"
"3444",,"Tortitas de Papa/","1","t","t","194","1070","36586"
"3453",,"VALLE GUAYABA","1","t","f","241","1070","36586"
"3468",,"YOGURTH MANGO","1","t","f","241","1070","36586"
"3467",,"YOGURTH BEBIBLE FRUTAS","1","t","t","241","1070","36586"
"3455",,"Vaso de Leche","1","t","t","197","1070","36586"
"3454",,"VALLEFRUT","1","t","t","241",,
"3465",,"Yoghurt c/Fruta","1","t","t","201","1070","36586"
"3470",,"Pan Grande","1","t","t","114","1070","36587"
"3471",,"REPOSTERIA","1","t","t","250","1070","36586"
"3472",,"REPOSTERIA","1","t","t","250","1070","36586"
"3473",,"REPOSTERIA","1","t","t","250","1070","36586"
"3474",,"REPOSTERIA","1","t","t","250","1070","36586"
"3475",,"REPOSTERIA","1","t","t","250","1070","36586"
"3476",,"REPOSTERIA","1","t","t","250","1070","36586"
"3477",,"BISCOCHO","1","t","t","251","1070","36586"
"3478",,"BISCOCHO","1","t","t","251","1070","36586"
"3479",,"BISCOCHO","1","t","t","251","1070","36586"
"3480",,"BISCOCHO","1","t","t","251","1070","36586"
"3481",,"BISCOCHO","1","t","t","251","1070","36586"
"3482",,"PAN BLANCO","1","t","t","120","1070","36586"
"3483",,"PAN BLANCO","1","t","t","120","1070","36586"
"3484",,"PAN BLANCO","1","t","t","120","1070","36586"
"3485",,"PAN BLANCO","1","t","t","120","1070","36586"
"3486",,"PAN BLANCO","1","t","t","120","1070","36586"
"3487",,"VELAS Y PASTILLAJE","1","t","t","118","1070","36586"
"3488",,"VELAS Y PASTILLAJE","1","t","t","118","1070","36586"
"3489",,"VELAS Y PASTILLAJE","1","t","t","118","1070","36586"
"3490",,"VELAS Y PASTILLAJE","1","t","t","118","1070","36586"
"3491",,"VELAS Y PASTILLAJE","1","t","t","118","1070","36586"
"3492",,"ARTESANAL","1","t","t","115","1070","36586"
"3493",,"ARTESANAL","1","t","t","115","1070","36586"
"3494",,"ARTESANAL","1","t","t","115","1070","36586"
"3495",,"ARTESANAL","1","t","t","115","1070","36586"
"3496",,"ARTESANAL","1","t","t","115","1070","36586"
"3497",,"ARTESANAL","1","t","t","115","1070","36586"
"3498",,"ARTESANAL","1","t","t","115","1070","36586"
"3499",,"ARTESANAL","1","t","t","115","1070","36586"
"3500",,"GELATINAS, PASTELES, ROSCAS","1","t","t","119","1070","36586"
"3501",,"GELATINAS, PASTELES, ROSCAS","1","t","t","119","1070","36586"
"3502",,"GELATINAS, PASTELES, ROSCAS","1","t","t","119","1070","36586"
"3503",,"GELATINAS, PASTELES, ROSCAS","1","t","t","119","1070","36586"
"3504",,"GELATINAS, PASTELES, ROSCAS","1","t","t","119","1070","36586"
"3505",,"GELATINAS, PASTELES, ROSCAS","1","t","t","119","1070","36586"
"3506",,"GELATINAS, PASTELES, ROSCAS","1","t","t","119","1070","36586"
"3507",,"GELATINAS, PASTELES, ROSCAS","1","t","t","119","1070","36586"
"3508",,"GELATINAS, PASTELES, ROSCAS","1","t","t","119","1070","36586"
"3509",,"GELATINAS, PASTELES, ROSCAS","1","t","t","119","1070","36586"
"3510",,"GELATINAS, PASTELES, ROSCAS","1","t","t","119","1070","36586"
"3511",,"GELATINAS, PASTELES, ROSCAS","1","t","t","119","1070","36586"
"3469",,"ZURRAPA","1","t","t","221","1070","36586"
"3466",,"YOGHURT VASO","1","t","t","241","1070","36586"
"3463",,"VOLOVÁN M.","1","t","t","223","1070","36586"
"3462",,"VOLOVÁN B.","1","t","t","223","1070","36586"
"3461",,"VELITA MAGICA","1","t","t","228","1070","36586"
"3460",,"VELA VIVOLETA","1","t","t","228","1070","36586"
"3459",,"VELA PILLINES POP","1","t","t","228","1070","36586"
"3458",,"VELA PILLINES","1","t","t","228","1070","36586"
"3457",,"VELA PILLINE CHISPAS","1","t","t","228","1070","36586"
"3456",,"VELA MUSICAL","1","t","t","228","1070","36586"
"3452",,"TRUFA","1","t","t","229","1070","36586"
"3451",,"TRONCO NAVIDEÑO","1","t","t","229","1070","36586"
"3450",,"TRONCO","1","t","t","224","1070","36586"
"3449",,"TREBOL C.","1","t","t","221","1070","36586"
"5059",,"Salsa Especial","1","t","t","500","1070","36650"
"3446",,"TOSTADITO","1","t","t","239","1070","36586"
"3445",,"TORTUGAS","1","t","t","222","1070","36586"
"3426",,"TIJERA","1","t","t","224","1070","36586"
"3425",,"TELERA LOCA","1","t","t","195","1070","36586"
"3424",,"TELERA G.","1","t","t","195","1070","36586"
"3423",,"TELERA EN TABLA","1","t","t","195","1070","36586"
"3420",,"TELERA CON AJONJOLI","1","t","t","195",,
"3419",,"TELERA","1","t","t","195","1070","36586"
"3417",,"TARTALETA DALIA","1","t","t","229","1070","36586"
"3416",,"TARTALETA CON FRUTA","1","t","t","229","1070","36586"
"3415",,"TAPADO","1","t","t","218","1070","36586"
"3414",,"TACO NUEZ","1","t","t","233","1070","36586"
"3413",,"TACO CAJETA","1","t","t","233","1070","36586"
"3412",,"TACO","1","t","t","233","1070","36586"
"3411",,"TABASQUEÑA","1","t","t","223","1070","36586"
"3410",,"SUSPIROS DE NESCAFÉ","1","t","t","238","1070","36586"
"3860",,"ALPURA SABOR","1","t","t","248",,
"3512",,"CORBATIN, PASTAS, TARTAS","1","t","t","117","1070","36586"
"3513",,"CORBATIN, PASTAS, TARTAS","1","t","t","117","1070","36586"
"3580",,"PASTEL","1","t","t","253","1070","36586"
"3515",,"CORBATIN, PASTAS, TARTAS","1","t","t","117","1070","36586"
"3517",,"CORBATIN, PASTAS, TARTAS","1","t","t","117","1070","36586"
"3518",,"PAN BLANCO","1","t","t","120","1070","36586"
"4876",,"DANES CH","1","t","t","487","1070","36587"
"4940",,"PAN GOURMET","1","t","t","502","1070","36586"
"4877",,"BARRA","1","t","t","493","1070","36592"
"4878",,"BIZCOCHO CH","1","t","t","487","1070","36587"
"4879",,"PAN BLANCO","1","t","t","493","1070","36586"
"4880",,"CIAPATA","1","t","t","493","1070","36592"
"3516",,"CORBATIN","1","t","t","117","1070","36586"
"5415",,"Pechuga pavo","1","t","t","536",,
"4884",,"ROYAL CH","1","t","t","487","1070","36587"
"4885",,"GELATINAS, PASTELES, ROSCAS","1","t","t","492","1070","36586"
"4886",,"PAN SALADO INTEGRAL","1","t","t","493","1070","36592"
"4887",,"PAN BLANCO","1","t","t","493","1070","36586"
"4888",,"GELATINAS, PASTELES, ROSCAS","1","t","t","492","1070","36586"
"5438",,"JAMON VIRGHINIA","1","t","t","541",,
"4890",,"BARRA  MEDIANA","1","t","t","493","1070","36586"
"4943",,"PAN ARTESANAL","1","t","t","502","1070","36586"
"4891",,"PAN BLANCO","1","t","t","493","1070","36586"
"4892",,"PAN BLANCO","1","t","t","493","1070","36586"
"4893",,"BISCOCHO","1","t","t","502","1070","36586"
"4937",,"PAN ARTESANAL","1","t","t","502","1070","36586"
"4895",,"PAN BLANCO","1","t","t","493","1070","36586"
"4896",,"BOLA QUESO","1","t","t","488","1070","36624"
"5686",,"Rosca Familiar","1","t","t","562","1070","36586"
"4898",,"RESPOTERIA","1","t","t","487","1070","36586"
"4899",,"REPOSTERIA ROYAL","1","t","t","487","1070","36586"
"4900",,"REPOSTERIA","1","t","t","501","1070","36586"
"4901",,"BISCOCHO","1","t","t","502","1070","36586"
"4902",,"DANES GDE","1","t","t","487","1070","36587"
"4903",,"GELATINAS, PASTELES, ROSCAS","1","t","t","492","1070","36586"
"4904",,"BIZCOCHO GDE","1","t","t","487","1070","36587"
"4905",,"BISCOCHO","1","t","t","502","1070","36586"
"4906",,"CORBATIN CHICO","1","t","t","490","1070","36586"
"4907",,"BISCOCHO","1","t","t","502","1070","36586"
"4935",,"PAN ARTESANAL","1","t","t","502","1070","36586"
"4909",,"PAN BLANCO","1","t","t","493","1070","36586"
"4910",,"CHILES","1","t","t","500","1070","53138"
"4911",,"BISCOCHO","1","t","t","502","1070","36586"
"4912",,"CORBATIN, PASTAS, TARTAS","1","t","t","490","1070","36586"
"4914",,"RESPOTERIA ROYAL","1","t","t","487","1070","36586"
"3578",,"VARIOS","1","t","t","252","1070","36586"
"4915",,"AGUA EMB.","1","t","t","497","1070","36683"
"4916",,"ING. EXTRA","1","t","t","499","1070","36625"
"4917",,"ROLLO JAMON","1","t","t","488","1070","36624"
"4918",,"REPOSTERIA","1","t","t","501","1070","36586"
"3579",,"PEDIDOS","1","t","t","252","1070","36586"
"4934",,"PAN ARTESANAL","1","t","t","502","1070","36586"
"3567",,"PAN BLANCO","1","t","t","120","1070","36586"
"3568",,"PAN BLANCO","1","t","t","120","1070","36586"
"3569",,"PAN BLANCO","1","t","t","120","1070","36586"
"3570",,"PAN BLANCO","1","t","t","120","1070","36586"
"3571",,"PAN BLANCO","1","t","t","120","1070","36586"
"3572",,"PAN BLANCO","1","t","t","120","1070","36586"
"3573",,"PAN BLANCO","1","t","t","120","1070","36586"
"4919",,"REPOSTERIA FEITE","1","t","t","487","1070","36586"
"3574",,"GELATINAS, PASTELES, ROSCAS","1","t","t","119","1070","36586"
"3575",,"GELATINAS, PASTELES, ROSCAS","1","t","t","119","1070","36586"
"3576",,"PAN BLANCO","1","t","t","120","1070","36586"
"3577",,"GELATINAS, PASTELES, ROSCAS","1","t","t","119","1070","36586"
"3862",,"ALPURA SELECTA","1","t","t","241",,
"3866",,"Delicias","1","t","t","245",,
"3871",,"Duros y Varios","1","t","t","218",,
"4920",,"CORBATIN GRANDE","1","t","t","490","1070","36586"
"4921",,"PAN BLANCO","1","t","t","493","1070","36586"
"4930",,"CORBATIN","1","t","t","490","1070","36586"
"3582",,"BISCOCHO","1","t","t","251","1070","36586"
"3583",,"ESPECIAL","1","t","t","115","1070","36586"
"3584",,"GELATINAS, PASTELES, ROSCAS","1","t","t","119","1070","36586"
"4924",,"ARTESANAL","1","t","t","488","1070","36586"
"4927",,"PAN BLANCO","1","t","t","493","1070","36586"
"4928",,"LATA","1","t","t","497","1070","36688"
"4929",,"REPOSTERIA","1","t","t","501","1070","36586"
"4931",,"SALSA","1","t","t","500","1070","36650"
"4932",,"BOLINACHO","1","t","t","488","1070","36587"
"4933",,"PAN BLANCO","1","t","t","493","1070","36586"
"4936",,"600 Y 700 ML.","1","t","t","497","1070","36688"
"4938",,"BOCADILLOS","1","t","t","488","1070","36624"
"4939",,"PAN BLANCO","1","t","t","493","1070","36586"
"4941",,"RESPOTERIA ROYAL","1","t","t","487","1070","36586"
"4944",,"RESPOTERIA ROYAL","1","t","t","487","1070","36586"
"4945",,"SALCHICHA 1/4","1","t","t","500","1070","36433"
"4925",,"ROYAL GDE","1","t","t","501","1070","36586"
"5084",,"Gelatina vaso gde.","1","t","t","510",,
"4913",,"PAN ARTESANAL","1","t","t","502","1070","36586"
"4897",,"PAN ARTESANAL","1","t","t","502","1070","36586"
"4882",,"PAN FIGURA","1","t","t","493","1070","36586"
"3514",,"TARTAS","1","t","t","117","1070","36586"
"2346",,"AGUACATE y / o PIÑA EXTRA","1","t","t","126","1070","36625"
"5060",,"BASES","1","t","t","504","1070","27736"
"5058",,"Pan Molido","1","t","t","493","1070","36586"
"5221",,"POLLO MED","1","t","t","520","1070","36388"
"5243",,"DOMO MUERTO","1","t","t","519","1070","36586"
"4889",,"PAN DANES","1","t","t","502","1070","36586"
"4883",,"PAMBAZO","1","t","t","493","1070","36586"
"4926",,"Barra Reposada","1","t","t","493","1070","36586"
"4923",,"REPOSTERIA","1","t","t","501","1070","36586"
"4946",,"REPOSTERIA","1","t","t","501","1070","36586"
"5359",,"AGUA","1","t","t","520","1070","36683"
"4947",,"EMPANADA ATUN","1","t","t","488","1070","36624"
"4948",,"PAN BLANCO","1","t","t","493","1070","36586"
"5416",,"Pierna","1","t","t","536",,
"4950",,"GELATINA VASO","1","t","t","492","1070","36622"
"4951",,"FLAN VASO","1","t","t","492","1070","36622"
"4952",,"VELA","1","t","t","491","1070","27736"
"5439",,"LOMO","1","t","t","541",,
"4954",,"CORBATIN, PASTAS, TARTAS","1","t","t","490","1070","36586"
"4955",,"BISCOCHO","1","t","t","502","1070","36586"
"4956",,"TARTITA","1","t","t","490","1070","36596"
"4957",,"PAN BLANCO","1","t","t","493","1070","36586"
"5085",,"Gelatina vaso ch.","1","t","t","510",,
"2340",,"TORTA DE POLLO","1","t","t","126","1070","36625"
"5181",,"Pan Muerto Grande","1","t","t","502","1070","36586"
"5061",,"rebanada","1","t","t","501","1070","36586"
"4881",,"BOLA CAMPESINA","1","f","t","493","1070","36586"
"5244",,"MUERTO RELLENO","1","t","t","519","1070","36586"
"5220",,"POLLOS PROMOCION","1","t","t","520","1070","36388"
"5275",,"BOLSA DE PAPAS","1","t","f","523","1070","36607"
"5687",,"Rosca Grande","1","t","t","562","1070","36586"
"5319",,"ARROZ","1","t","t","522","1070","36633"
"5200",,"Reposteria","1","t","t","483","1070","36586"
"5199",,"Orejas","1","t","t","482","1070","36586"
"5297",,"TORTA CHORIZO","1","t","t","525","1070","36625"
"5367",,"POLLO PREPARADO 1/2","1","t","t","523","1070","36388"
"5375",,"EXTRA QUESO MAN","1","t","t","525","1070","36633"
"3203",,"MINI ALPURA DURAZNO","1","t","f","241","1070","36586"
"4953",,"GELATINAS, PASTELES, ROSCAS","1","t","t","492","1070","36622"
"4949",,"PAN ESPECIAL","1","t","t","502","1070","36586"
"5688",,"Rosca  Mediana","1","t","t","562","1070","36586"
"5689",,"Rosca Chica","1","t","t","562","1070","36586"
"5690",,"pan de muerto","1","t","t","558","1070","36587"
"5691",,"Animas","1","t","t","558","1070","36586"
"5692",,"Castillo","1","t","t","547","1070","27736"
"5693",,"Pan","1","t","t","550","1070","36586"
"5694",,"Flan","1","t","t","548","1070","36622"
"5695",,"Pan Muerto Grande","1","t","t","558","1070","36586"
"5696",,"Pan Muerto Mediano","1","t","t","558","1070","36586"
"5697",,"Pan Muerto Chico","1","t","t","558","1070","36586"
"3810",,"REPOSTERIA","1","t","t","476","1070","36586"
"3811",,"REPOSTERIA","1","t","t","476","1070","36586"
"3812",,"REPOSTERIA","1","t","t","476","1070","36586"
"3813",,"REPOSTERIA","1","t","t","476","1070","36586"
"3814",,"BISCOCHO","1","t","t","477","1070","36586"
"3815",,"BISCOCHO","1","t","t","477","1070","36586"
"3816",,"BISCOCHO","1","t","t","477","1070","36586"
"3817",,"PAN BLANCO","1","t","t","478","1070","36586"
"3818",,"CORBATINES","1","t","t","479","1070","36586"
"3819",,"CORBATINES","1","t","t","479","1070","36586"
"3820",,"PAN BLANCO","1","t","t","478","1070","36586"
"3821",,"PAN BLANCO","1","t","t","478","1070","36586"
"3822",,"PAN BLANCO","1","t","t","478","1070","36586"
"3823",,"PAN BLANCO","1","t","t","478","1070","36586"
"3840",,"ROSTI PAPAS CH","1","t","t","480","1070","36586"
"3841",,"ROSTI PAPAS GDE","1","t","t","480","1070","36586"
"3842",,"1/2 POLLO","1","t","t","480","1070","36586"
"3843",,"POLLO","1","t","t","480","1070","36586"
"3844",,"PESCUEZO","1","t","t","480","1070","36586"
"3845",,"PAN BLANCO","1","t","t","481","1070","36586"
"3846",,"PAN BLANCO","1","t","t","481","1070","36586"
"3847",,"PAN BLANCO","1","t","t","481","1070","36586"
"3848",,"PAN BLANCO","1","t","t","481","1070","36586"
"3849",,"BISCOCHO","1","t","t","482","1070","36586"
"3850",,"BISCOCHO","1","t","t","482","1070","36586"
"3851",,"REPOSTERIA","1","t","t","483","1070","36586"
"3852",,"REPOSTERIA","1","t","t","483","1070","36586"
"3853",,"BISCOCHO","1","t","t","482","1070","36586"
"3854",,"REPOSTERIA","1","t","t","483","1070","36586"
"3855",,"PAN BLANCO","1","t","t","481","1070","36586"
"3856",,"CORBATINES","1","t","t","484","1070","36586"
"3857",,"REPOSTERIA","1","t","t","483","1070","36586"
"3858",,"CORBATINES","1","t","t","484","1070","36586"
"3859",,"BISCOCHO","1","t","t","482","1070","36586"
"3464",,"VOLOVÁN N.","1","t","t","223","1070","36586"
"3442",,"TORTILLINAS","1","t","t","244","1070","36586"
"3409",,"SUSPIRO INDIVIDUAL","1","t","t","238","1070","36586"
"3402",,"SERVICIOS","1","t","t","228","1070","36586"
"3379",,"ROSCA DE HIGO","1","t","t","220","1070","36586"
"3352",,"PROMOCIÓN PAN INT C","1","t","t","244","1070","36586"
"3318",,"PECHUGA","1","t","t","221","1070","36586"
"3304",,"PASTEL ESPECIALIDAD","1","t","t","229","1070","36586"
"3302",,"PASTEL ENVINADO","1","t","t","229","1070","36586"
"3272",,"PAN FRÍO","1","t","t","245","1070","36586"
"3253",,"PAMBAZO SEPTIEMBRE","1","t","t","245","1070","36586"
"3223",,"MUÑECOS 10 PZAS","1","t","t","226","1070","36586"
"3198",,"MAZAPAN","1","t","t","221","1070","36586"
"3191",,"MAGDALENA","1","t","t","219","1070","36586"
"3169",,"GUGIS, CARACOLES","1","t","t","228","1070","36586"
"3133",,"FLAN NAPOLITANO","1","t","t","229","1070","36586"
"3100",,"DONA TRIPLE CHOCOLAT","1","t","t","237","1070","36586"
"3071",,"CONCHA R.","1","t","t","229","1070","36586"
"3046",,"CHAPATA ESPECIAL","1","t","t","195","1070","36586"
"3008",,"BUÑUELOS","1","t","t","237","1070","36586"
"2987",,"BLANCO GRD","1","t","t","244","1070","36586"
"2973",,"BARRA CENTENO SUAVE","1","t","t","195","1070","36586"
"3861",,"YOGURTH FRUTA VASO","1","t","t","248",,
"2998",,"BOLLO P/HAMBURGUESA INFANTIL","1","t","t","239",,
"3863",,"Baguette reposada 3/4","1","t","t","195",,
"3864",,"Baguette reposada 3/4","1","t","t","195",,
"3865",,"Baguette  3/4","1","t","t","195",,
"3867",,"Mousse de limón rebanada","1","t","t","229",,
"3868",,"Mousse de limón rebanada","1","t","t","229",,
"3869",,"Mousse de limón rebanada","1","t","t","229",,
"3870",,"Panque de plátano rebanado","1","t","t","229",,
"3872",,"Panque de platano","1","t","t","231",,
"5364",,"Promoción  bolillo bocadillo","1","t","t","195","1070",
"4958",,"Pan Grande","1","t","t","487","1070","36586"
"5368",,"RAJAS C/ CREMA","1","t","t","522","1070","36633"
"5062",,"Saborizada lto","1","t","t","241",,
"5086",,"KG pastel 3 leches","1","t","t","510",,
"5180",,"Pan Muerto Mediano","1","t","t","502","1070","36586"
"5002",,"POLLO","1","t","t","500","1070","36388"
"5417",,"Jamon virginia","1","t","t","536",,
"5440",,"PIERNA Y MUSLO","1","t","t","541",,
"5201",,"CAFE","1","t","f","518",,
"5698",,"rebanada","1","t","t","557","1070","36586"
"5699",,"BASES","1","t","t","561","1070","27736"
"5700",,"Pan Molido","1","t","t","549","1070","36586"
"5701",,"REPOSTERIA","1","t","t","557","1070","36586"
"5298",,"TORTA HUEVO C/JAMON","1","t","t","525","1070","36625"
"5702",,"REPOSTERIA","1","t","t","557","1070","36586"
"5703",,"REPOSTERIA","1","t","t","557","1070","36586"
"5704",,"REPOSTERIA","1","t","t","557","1070","36586"
"5705",,"REPOSTERIA","1","t","t","557","1070","36586"
"5706",,"PICON","1","t","t","550","1070","36586"
"5707",,"BISCOCHO","1","t","t","558","1070","36586"
"5708",,"BARRA CHICA","1","t","t","549","1070","36586"
"5709",,"VELAS Y PASTILLAJE","1","t","t","547","1070","27736"
"5710",,"GELATINAS","1","t","t","548","1070","36586"
"5711",,"VELA","1","t","t","547","1070","27736"
"5712",,"VELAS Y PASTILLAJE","1","t","t","547","1070","27736"
"5713",,"GELATINA GDE","1","t","t","548","1070","36586"
"5714",,"CORBATIN, PASTAS, TARTAS","1","t","t","546","1070","36586"
"5715",,"GELATINAS","1","t","t","548","1070","36586"
"4968",,"PAN BLANCO","1","t","t","493","1070","36586"
"5716",,"GELATINA CH","1","t","t","548","1070","36622"
"5717",,"CORBATIN DOMO GRANDE","1","t","t","546","1070","36586"
"5718",,"ROSCA DE NUEZ  GDE","1","t","t","545","1070","36586"
"5719",,"PANQUE GDE","1","t","t","545","1070","36586"
"5720",,"GELATINAS, PASTELES, ROSCAS","1","t","t","548","1070","36586"
"5721",,"GELATINAS, PASTELES, ROSCAS","1","t","t","548","1070","36586"
"5722",,"VELA","1","t","t","547","1070","27736"
"5723",,"PAY DECORADO","1","t","t","545","1070","36586"
"5724",,"GELATINAS, PASTELES, ROSCAS","1","t","t","548","1070","36586"
"4894",,"AGUACATE y / o PIÑA EXTRA","1","t","t","499","1070","36624"
"5725",,"GELATINAS, PASTELES, ROSCAS","1","t","t","548","1070","36586"
"5376",,"EXTRA QUESO OAX","1","t","t","525","1070","36633"
"4996",,"VELA","1","t","t","491","1070","27736"
"4994",,"CUBANA","1","t","t","499","1070","36625"
"5222",,"POLLO GRD","1","t","t","520","1070","36388"
"4993",,"RUSA","1","t","t","499","1070","36625"
"5245",,"MUERTO RELLENO","1","t","t","519","1070","36586"
"5726",,"CORBATIN, PASTAS, TARTAS","1","t","t","546","1070","36586"
"4959",,"VELA","1","t","t","491","1070","27736"
"4961",,"RANTIA DE PUENTE","1","t","t","492","1070","36586"
"4963",,"SALCHICHA","1","t","t","499","1070","36625"
"4970",,"PAN ARTESANAL","1","t","t","502","1070","36586"
"5727",,"GELATINAS, PASTELES, ROSCAS","1","t","t","548","1070","36586"
"5728",,"GELATINAS, PASTELES, ROSCAS","1","t","t","548","1070","36586"
"5729",,"GELATINAS, PASTELES, ROSCAS","1","t","t","548","1070","36586"
"4967",,"PASTEL FANTASIA ","1","t","t","492","1070","36586"
"4992",,"ITALIANA","1","t","t","499","1070","36625"
"5730",,"PAY SIN DECORAR","1","t","t","545","1070","36586"
"5731",,"VELA","1","t","t","547","1070","27736"
"5732",,"CORBATIN, PASTAS, TARTAS","1","t","t","546","1070","36586"
"5733",,"GELATINAS, PASTELES, ROSCAS","1","t","t","548","1070","36586"
"4975",,"BISCOCHO","1","t","t","502","1070","36586"
"4979",,"DOMO PASTA SECA  CH","1","t","t","490","1070","36586"
"4985",,"PALMERA","1","t","t","494","1070","36586"
"5276",,"BOLSA DE CHICHARRONES","1","t","f","523","1070","36607"
"5320",,"POLLO C/MOLE","1","t","t","522","1070","36633"
"4995",,"PALMERA CHOCOLATE","1","t","t","494","1070","36586"
"4991",,"TAHITIANA","1","t","t","499","1070","36625"
"4990",,"HAWAIANA","1","t","t","499","1070","36625"
"4999",,"GUSANO PIÑA","1","t","t","494","1070","36586"
"4989",,"POLLO ADOBADO","1","t","t","499","1070","36625"
"4988",,"SUIZA","1","t","t","499","1070","36625"
"5001",,"VELAS Y PASTILLAJE","1","t","t","491","1070","27736"
"5000",,"SALCHICHAS","1","t","t","500","1070","36433"
"4998",,"PIERNA DE PAVO","1","t","t","500","1070","36433"
"4997",,"ESTRELLA","1","t","t","499","1070","36625"
"3308",,"PASTEL MIL HOJAS","1","t","f","229","1070","36586"
"4987",,"PIERNA ADOBADA","1","t","t","499","1070","36625"
"5340",,"DIF. PAQ. JUEVES","1","t","t","528","1070","36388"
"4986",,"TOLUQUEÑA","1","t","t","499","1070","36625"
"4984",,"ROSTI PAPAS GDE","1","t","t","500","1070","36607"
"4983",,"PIERNA","1","t","t","499","1070","36625"
"4982",,"MILANESA","1","t","t","499","1070","36625"
"4981",,"POLLO","1","t","t","499","1070","36625"
"4980",,"VELA","1","t","t","491","1070","27736"
"4978",,"VELAS Y PASTILLAJE","1","t","t","491","1070","27736"
"4977",,"QUESILLO","1","t","t","499","1070","36625"
"4976",,"1/2 POLLO","1","t","t","500","1070","36388"
"4974",,"ROSTI PAPAS CH","1","t","t","500","1070","36607"
"4973",,"KACHY PAPAS GDE","1","t","t","500","1070","36607"
"4972",,"SALCHICHA 1/2","1","t","t","500","1070","36433"
"4969",,"VELA","1","t","t","491","1070","27736"
"4966",,"HUEVO","1","t","t","499","1070","36625"
"4971",,"GELATINAS, PASTELES, ROSCAS","1","t","t","492","1070","36622"
"4965",,"JAMON","1","t","t","499","1070","36625"
"4964",,"CHORIZO","1","t","t","499","1070","36625"
"4962",,"KACHY PAPAS CH","1","t","t","500","1070","36607"
"4960",,"GELATINAS, PASTELES, ROSCAS","1","t","t","492","1070","36622"
"5025",,"GELATINAS","1","t","t","492","1070","36586"
"5418",,"Lomo","1","t","t","536",,
"5441",,"LECHON","1","t","t","541",,
"5363",,"PEDIDO","1","t","t","531",,
"5299",,"TORTA HUEVO CHORIZO","1","t","t","525","1070","36625"
"5296",,"TORTA JAMON","1","t","t","525","1070","36625"
"5734",,"CORBATIN DOMO CHICO","1","t","t","546","1070","36586"
"5034",,"PAN BLANCO","1","t","f","493","1070","36586"
"5035",,"PAN BLANCO","1","t","f","493","1070","36586"
"5063",,"Plancha Dalmata","1","t","t","233",,
"5087",,"KG pastel especialidad","1","t","t","510",,
"5735",,"PANQUE CH","1","t","t","545","1070","36586"
"5003",,"DOMO PASTA SECA  GDE","1","t","t","490","1070","36586"
"5004",,"ROSCA DE NUEZ  CH","1","t","t","489","1070","36586"
"5005",,"PANQUE CH","1","t","t","489","1070","36586"
"5006",,"CORBATIN DOMO CHICO","1","t","t","490","1070","36586"
"5007",,"GELATINAS, PASTELES, ROSCAS","1","t","t","492","1070","36586"
"5008",,"CORBATIN, PASTAS, TARTAS","1","t","t","490","1070","36586"
"5356",,"ENSALADA CHEF","1","t","t","523","1070","36633"
"5736",,"ROSCA DE NUEZ  CH","1","t","t","545","1070","36586"
"5011",,"GELATINAS, PASTELES, ROSCAS","1","t","t","492","1070","36586"
"5012",,"GELATINAS, PASTELES, ROSCAS","1","t","t","492","1070","36586"
"5013",,"GELATINAS, PASTELES, ROSCAS","1","t","t","492","1070","36586"
"5014",,"CORBATIN, PASTAS, TARTAS","1","t","t","490","1070","36586"
"5015",,"GELATINAS, PASTELES, ROSCAS","1","t","t","492","1070","36586"
"5016",,"GELATINAS, PASTELES, ROSCAS","1","t","t","492","1070","36586"
"5017",,"PAY DECORADO","1","t","t","489","1070","36586"
"5354",,"ENSALADA ATUN","1","t","t","523","1070","36633"
"5019",,"GELATINAS, PASTELES, ROSCAS","1","t","t","492","1070","36586"
"5020",,"GELATINAS, PASTELES, ROSCAS","1","t","t","492","1070","36586"
"5021",,"PANQUE GDE","1","t","t","489","1070","36586"
"5022",,"ROSCA DE NUEZ  GDE","1","t","t","489","1070","36586"
"5737",,"DOMO PASTA SECA  GDE","1","t","t","546","1070","36586"
"5738",,"VELAS Y PASTILLAJE","1","t","t","547","1070","27736"
"5739",,"GUSANO PIÑA","1","t","t","550","1070","36586"
"5026",,"CORBATIN, PASTAS, TARTAS","1","t","t","490","1070","36586"
"5027",,"GELATINA GDE","1","t","t","492","1070","36586"
"5740",,"VELA","1","t","t","547","1070","27736"
"5321",,"ENSALADA RUSA","1","t","t","522","1070","36633"
"5377",,"EXTRA QUESO PAN","1","t","f","525","1070","36633"
"5032",,"BARRA CHICA","1","t","t","493","1070","36586"
"5024",,"GELATINA CH","1","t","t","492","1070","36622"
"5023",,"CORBATIN DOMO GRANDE","1","t","t","490","1070","36586"
"5010",,"PAY SIN DECORAR","1","t","t","489","1070","36586"
"5202",,"CAFE","1","t","t","518",,
"5031",,"VELAS Y PASTILLAJE","1","t","t","491","1070","27736"
"5223",,"POLLOS RANCHERO","1","t","t","520","1070","36388"
"5246",,"MUERTO RELLENO","1","t","t","519","1070","36586"
"5277",,"BOLSA DE HABAS","1","t","f","523","1070","36607"
"5741",,"PALMERA CHOCOLATE","1","t","t","550","1070","36586"
"5742",,"PALMERA","1","t","t","550","1070","36586"
"5182",,"Pan Muerto Chico","1","t","t","477","1070","36586"
"5743",,"VELA","1","t","t","547","1070","27736"
"5029",,"VELA","1","t","t","491","1070","27736"
"5028",,"VELAS Y PASTILLAJE","1","t","t","491","1070","27736"
"5018",,"VELA","1","t","t","491","1070","27736"
"5009",,"VELA","1","t","t","491","1070","27736"
"5339",,"Choco Pay","1","t","t","231","1070",
"5388",,"DIFERENCIAS","1","t","t","531","1070","36633"
"5341",,"DIF. PAQ. DOMINGO","1","t","t","528","1070","36388"
"5744",,"DOMO PASTA SECA  CH","1","t","t","546","1070","36586"
"5389",,"Rosca Chica","1","t","t","538","1070","36586"
"5030",,"GELATINAS","1","t","t","492","1070","36586"
"5745",,"VELAS Y PASTILLAJE","1","t","t","547","1070","27736"
"5746",,"BISCOCHO","1","t","t","558","1070","36586"
"5747",,"GELATINAS, PASTELES, ROSCAS","1","t","t","548","1070","36622"
"5748",,"PAN ARTESANAL","1","t","t","558","1070","36586"
"5749",,"VELA","1","t","t","547","1070","27736"
"5750",,"PAN BLANCO","1","t","t","549","1070","36586"
"5751",,"PASTEL FANTASIA ","1","t","t","548","1070","36586"
"5752",,"RANTIA DE PUENTE","1","t","t","548","1070","36586"
"5753",,"GELATINAS, PASTELES, ROSCAS","1","t","t","548","1070","36622"
"5754",,"VELA","1","t","t","547","1070","27736"
"5755",,"Pan Grande","1","t","t","543","1070","36586"
"5756",,"PAN BLANCO","1","t","t","549","1070","36586"
"5757",,"TARTITA","1","t","t","546","1070","36596"
"5758",,"BISCOCHO","1","t","t","558","1070","36586"
"5759",,"CORBATIN, PASTAS, TARTAS","1","t","t","546","1070","36586"
"5760",,"GELATINAS, PASTELES, ROSCAS","1","t","t","548","1070","36622"
"5761",,"VELA","1","t","t","547","1070","27736"
"5762",,"FLAN VASO","1","t","t","548","1070","36622"
"5763",,"GELATINA VASO","1","t","t","548","1070","36622"
"5764",,"PAN ESPECIAL","1","t","t","558","1070","36586"
"5765",,"PAN BLANCO","1","t","t","549","1070","36586"
"5766",,"EMPANADA ATUN","1","t","t","544","1070","36624"
"5767",,"REPOSTERIA","1","t","t","557","1070","36586"
"5768",,"RESPOTERIA ROYAL","1","t","t","543","1070","36586"
"5769",,"PAN ARTESANAL","1","t","t","558","1070","36586"
"5770",,"VELAS Y PASTILLAJE","1","t","t","547","1070","27736"
"5771",,"RESPOTERIA ROYAL","1","t","t","543","1070","36586"
"5772",,"PAN GOURMET","1","t","t","558","1070","36586"
"5773",,"PAN BLANCO","1","t","t","549","1070","36586"
"5774",,"BOCADILLOS","1","t","t","544","1070","36624"
"5775",,"PAN ARTESANAL","1","t","t","558","1070","36586"
"5776",,"PAN ARTESANAL","1","t","t","558","1070","36586"
"5777",,"PAN ARTESANAL","1","t","t","558","1070","36586"
"5778",,"PAN BLANCO","1","t","t","549","1070","36586"
"5779",,"BOLINACHO","1","t","t","544","1070","36587"
"5780",,"CORBATIN","1","t","t","546","1070","36586"
"5224",,"1/2 POLLO","1","t","t","520","1070","36388"
"5064",,"Reposteria","1","t","t","510",,
"5088",,"Pastel gde","1","t","t","510",,
"5378",,"ROMERITOS","1","t","f","536",,
"5203",,"CAFE","1","t","t","518",,
"5247",,"MUERTO RELLENO","1","t","t","519","1070","36586"
"5278",,"HUEVOS C/ARROZ","1","t","t","523","1070","36633"
"5419",,"Pierna y muslo","1","t","t","536",,
"5322",,"ESPAGHETTI","1","t","t","522","1070","36633"
"5183",,"Pan Muerto Mediano","1","t","t","477","1070","36586"
"5342",,"ORDEN ARROZ","1","t","t","523","1070","36633"
"5365",,"Pan Molido CH","1","t","t","481","1070","36586"
"5300",,"TORTA POLLO","1","t","t","525","1070","36625"
"5369",,"ENSALADA MANZANA","1","t","t","522","1070","36633"
"5442",,"ROMERITOS","1","t","f","541",,
"5390",,"Rosca Mediana","1","t","t","538","1070","36586"
"5781",,"REPOSTERIA","1","t","t","557","1070","36586"
"5782",,"PAN BLANCO","1","t","t","549","1070","36586"
"5783",,"Barra Reposada","1","t","t","549","1070","36586"
"5784",,"ROYAL GDE","1","t","t","557","1070","36586"
"5785",,"ARTESANAL","1","t","t","544","1070","36586"
"5786",,"REPOSTERIA","1","t","t","557","1070","36586"
"5787",,"PAN BLANCO","1","t","t","549","1070","36586"
"5788",,"CORBATIN GRANDE","1","t","t","546","1070","36586"
"5789",,"REPOSTERIA FEITE","1","t","t","543","1070","36586"
"5790",,"REPOSTERIA","1","t","t","557","1070","36586"
"5791",,"ROLLO JAMON","1","t","t","544","1070","36624"
"5792",,"RESPOTERIA ROYAL","1","t","t","543","1070","36586"
"5793",,"PAN ARTESANAL","1","t","t","558","1070","36586"
"5794",,"CORBATIN, PASTAS, TARTAS","1","t","t","546","1070","36586"
"5795",,"BISCOCHO","1","t","t","558","1070","36586"
"5796",,"PAN BLANCO","1","t","t","549","1070","36586"
"5797",,"BISCOCHO","1","t","t","558","1070","36586"
"5798",,"CORBATIN CHICO","1","t","t","546","1070","36586"
"5799",,"BISCOCHO","1","t","t","558","1070","36586"
"5800",,"BIZCOCHO GDE","1","t","t","543","1070","36587"
"5801",,"GELATINAS, PASTELES, ROSCAS","1","t","t","548","1070","36586"
"5802",,"DANES GDE","1","t","t","543","1070","36587"
"5803",,"BISCOCHO","1","t","t","558","1070","36586"
"5804",,"REPOSTERIA","1","t","t","557","1070","36586"
"5805",,"REPOSTERIA ROYAL","1","t","t","543","1070","36586"
"5806",,"RESPOTERIA","1","t","t","543","1070","36586"
"5807",,"PAN ARTESANAL","1","t","t","558","1070","36586"
"5808",,"BOLA QUESO","1","t","t","544","1070","36624"
"5809",,"PAN BLANCO","1","t","t","549","1070","36586"
"5810",,"BISCOCHO","1","t","t","558","1070","36586"
"5811",,"PAN BLANCO","1","t","t","549","1070","36586"
"5812",,"PAN BLANCO","1","t","t","549","1070","36586"
"5813",,"BARRA  MEDIANA","1","t","t","549","1070","36586"
"5814",,"PAN DANES","1","t","t","558","1070","36586"
"5815",,"GELATINAS, PASTELES, ROSCAS","1","t","t","548","1070","36586"
"5816",,"PAN BLANCO","1","t","t","549","1070","36586"
"5817",,"PAN SALADO INTEGRAL","1","t","t","549","1070","36592"
"5818",,"GELATINAS, PASTELES, ROSCAS","1","t","t","548","1070","36586"
"5819",,"ROYAL CH","1","t","t","543","1070","36587"
"5820",,"PAMBAZO","1","t","t","549","1070","36586"
"5821",,"PAN FIGURA","1","t","t","549","1070","36586"
"5822",,"BOLA CAMPESINA","1","f","t","549","1070","36586"
"5823",,"CIAPATA","1","t","t","549","1070","36592"
"5824",,"PAN BLANCO","1","t","t","549","1070","36586"
"5825",,"BIZCOCHO CH","1","t","t","543","1070","36587"
"5826",,"BARRA","1","t","t","549","1070","36592"
"5827",,"DANES CH","1","t","t","543","1070","36587"
"5828",,"PAN BLANCO","1","t","t","549","1070","36586"
"5829",,"BOLILLO","1","t","t","549","1070","36586"
"5830",,"TELERA","1","t","t","549","1070","36586"
"5831",,"PEDIDOS","1","t","t","561","1070","36586"
"5832",,"MAYOREO","1","t","t","561","1070","36586"
"5833",,"VARIOS","1","t","t","561","1070","27736"
"5834",,"PASTELES O GELATINAS","1","t","t","559","1070","36586"
"5065",,"Respostería","1","t","t","510",,
"5379",,"BACALAO","1","t","f","536",,
"5089",,"Pastel estandar ch","1","t","t","510",,
"5343",,"ORDEN FRIJOLES","1","t","t","523","1070","36633"
"5204",,"CAFE","1","t","t","518",,
"5225",,"PAPAS MED","1","t","t","520","1070","36388"
"5248",,"PAN MUERTO","1","t","f","519","1070","36586"
"5279",,"HUEVOS C/JAMON","1","t","t","523","1070","36633"
"5420",,"Lechon","1","t","t","536",,
"5323",,"CHILE RELLENO","1","t","t","522","1070","36633"
"5184",,"Pan Muerto Grande","1","t","t","477","1070","36586"
"5366",,"Pan Molido Gr","1","t","t","481","1070","36586"
"5301",,"TORTA CHILE RELLENO","1","t","t","525","1070","36625"
"5370",,"ENSALADA BRASILEÑA","1","t","t","522","1070","36633"
"5443",,"BACALAO","1","t","f","541",,
"5391",,"Rosca Grande","1","t","t","538","1070","36586"
"5835",,"Salsa Especial","1","t","t","556","1070","36650"
"5836",,"POLLO","1","t","t","556","1070","36388"
"5837",,"SALCHICHAS","1","t","t","556","1070","36433"
"5838",,"PIERNA DE PAVO","1","t","t","556","1070","36433"
"5839",,"ROSTI PAPAS GDE","1","t","t","556","1070","36607"
"5840",,"1/2 POLLO","1","t","t","556","1070","36388"
"5841",,"ROSTI PAPAS CH","1","t","t","556","1070","36607"
"5842",,"KACHY PAPAS GDE","1","t","t","556","1070","36607"
"5843",,"SALCHICHA 1/2","1","t","t","556","1070","36433"
"5844",,"KACHY PAPAS CH","1","t","t","556","1070","36607"
"5845",,"SALCHICHA 1/4","1","t","t","556","1070","36433"
"5846",,"SALSA","1","t","t","556","1070","36650"
"5847",,"CHILES","1","t","t","556","1070","53138"
"5066",,"Repostería","1","t","t","510",,
"3056",,"COCA COLA  500 ML","1","t","t","241","1070","36586"
"5090",,"Flan napolitano","1","t","t","510",,
"5302",,"TORTA PIERNA","1","t","t","525","1070","36625"
"5205",,"CAFE","1","t","t","518",,
"5226",,"PAPAS GDE","1","t","t","520","1070","36607"
"5249",,"REFRESCO","1","t","t","520","1070","36688"
"5250",,"Animas","1","t","t","502","1070","36586"
"5251",,"Bote","1","t","t","228","1070",
"5253",,"MUERTO 5","1","t","t","218","1070",
"5254",,"MUERTO RELLENO","1","t","t","519","1070","36586"
"5256",,"Animas","1","t","t","195","1070",
"5257",,"pan de muerto","1","t","t","502","1070","36587"
"5258",,"Pan de Muerto","1","t","t","251","1070","36587"
"5259",,"POLLO ROSTIZADO","1","t","t","521","1070","36388"
"5280",,"ORDEN MILANESA","1","t","t","523","1070","36633"
"5380",,"PASTA FINAS H","1","t","f","536",,
"5324",,"CHILE NOGADA","1","t","t","522","1070","36633"
"5185",,"Pan Muerto Chico","1","t","t","482","1070","36586"
"5421",,"Romeritos","1","t","t","536",,
"5344",,"CHAPATA BACALAO","1","t","t","525","1070","36625"
"5371",,"ENSALADA NAVIDAD","1","t","t","522","1070","36633"
"5392",,"Rosca Familiar","1","t","t","538","1070","36586"
"5444",,"PAELLA","1","t","f","541",,
"5456",,"Rosca reyes","1","t","t","517",,
"5457",,"Pambazo","1","t","t","514",,
"3390",,"R. REYES","1","t","f","226","1070","36586"
"5461",,"RoscaBolsa1","1","t","t","517",,
"2253",,"CORBATIN DOMO GRANDE","1","t","t","117","1070","36586"
"5475",,"R.REYES  RELLENA","1","t","t","226","1070",
"5477",,"Producto1","1","t","t","517",,
"5478",,"CHICHARRON ENTOMATADO","1","t","t","522",,
"5479",,"Espiga","1","t","t","195","1070",
"5480",,"Pan para hot dog con 8 pz","1","t","t","239",,
"5481",,"GELATINA AGUA CH","1","t","t","513",,
"5487",,"BOCADILLOS","1","t","t","115","1070","36586"
"5488",,"TAMAL","1","t","t","522",,
"5491",,"Rebanada panque de nata","1","t","t","229","1070",
"5493",,"Velas","1","t","t","491","1070","27736"
"3519",,"MAYOREO","1","t","t","114","1070","36586"
"5494",,"CHAROLA TRADICIONAL","1","t","t","245",,
"3202",,"Pinguino","1","t","t","229","1070","36586"
"5495",,"TU Y YO CH","1","t","t","512",,
"5497",,"GALLETA SURTIDA","1","t","t","245","1070",
"3113",,"EMPANADAS 2 X","1","t","t","235","1070","36586"
"5501",,"CAJA DE PASTA SECA 300 GRS","1","t","t","238",,
"5502",,"EMPANADA DE BACALAO","1","t","t","235","1070",
"5504",,"1/4 POLLO","1","t","t","520",,
"5505",,"REFRESCO","1","t","t","517",,
"5507",,"Café 500 grs.","1","t","t","245","1070",
"5508",,"Barra de chocolate","1","t","t","229","1070",
"3581",,"BISCOCHO","1","t","t","121","1070","36586"
"5509",,"Frut Cake Panque de Platano","1","t","t","231","1070",
"4874",,"BOLILLO","1","t","t","493","1070","36586"
"5852",,"CHILE NOGADA","1","t","t","522",,
"5325",,"COCHINITA","1","t","t","522","1070","36633"
"5067",,"Dona azúcar","1","t","t","507",,
"5091",,"REPOSTERIA","1","t","t","511","1070","36586"
"5094",,"DONA  DOB CHOC","1","t","t","511","1070","36586"
"5095",,"TRUFA","1","t","t","512","1070","36586"
"5096",,"TU  Y  YO","1","t","t","512","1070","36586"
"5097",,"PLATANERAS ","1","t","t","512","1070","36586"
"5098",,"RATÓN","1","t","t","512","1070","36586"
"5099",,"REB. PASTEL","1","t","t","512","1070","36586"
"5100",,"FANTACIA","1","t","t","513","1070","36586"
"5101",,"VASO  FLAN  Gde.","1","t","t","513","1070","36586"
"5102",,"VASO  FLAN  Ch.","1","t","t","513","1070","36586"
"5103",,"ARROZ CON LECHE  Gde.","1","t","t","513","1070","36586"
"5104",,"ARROZ CON LECHE  Ch.","1","t","t","512","1070","36586"
"5105",,"ROLLO CHOCOLATE","1","t","t","512","1070","36586"
"5106",,"REBANADA DE FLAN","1","t","t","513","1070","36586"
"5107",,"CONCHA  RELLENA","1","t","t","512","1070","36586"
"5110",,"Kg.  PASTEL  3 LECHES","1","t","t","512","1070","36586"
"5111",,"Kg  PASTEL ESPECIALIDAD","1","t","t","512","1070","36586"
"5112",,"PASTESL  ESTÁNDAR   Gde.","1","t","t","512","1070","36586"
"5113",,"PASTESL  ESTÁNDAR   Ch.","1","t","t","512","1070","36586"
"5114",,"FLAN  NAPOLITANO  ","1","t","t","513","1070","36586"
"5115",,"GELATINA GRANDE","1","t","t","513","1070","36586"
"5116",,"PAY  DE QUESO","1","t","t","512","1070","36586"
"5117",,"ROSCA ","1","t","t","512","1070","36586"
"5118",,"ROSCA  ESPECIAL","1","t","t","512","1070","36586"
"5119",,"PANQUE.","1","t","t","512","1070","36586"
"5120",,"BARRA PASTEL  Gde.","1","t","t","512","1070","36586"
"5121",,"1/2 BARRA PASTEL  ","1","t","t","512","1070","36586"
"5122",,"BOLILLO  Y  TELERA  NORM.","1","t","t","514","1070","36586"
"5123",,"BOLILLO  Y  TELERA  MED.","1","t","t","514","1070","36586"
"5124",,"BOLILLO  Y  TELERA  BOCD.","1","t","t","514","1070","36586"
"5125",,"FIGURA","1","t","t","514","1070","36586"
"5126",,"COSTRA","1","t","t","514","1070","36586"
"5127",,"CHAPATA  NORM.","1","t","t","514","1070","36586"
"5128",,"GALLINA   NORM.","1","t","t","514","1070","36586"
"5129",,"BAGUETTE","1","t","t","514","1070","36586"
"5130",,"1/2  BAGUETTE","1","t","t","514","1070","36586"
"5131",,"TELERA 1 1/2","1","t","t","514","1070","36586"
"5132",,"BOZCOCHO  NORM.","1","t","t","515","1070","36586"
"5134",,"BIZCOCHO   Med.","1","t","t","515","1070","36586"
"5135",,"BIZCOCHO   BOCAD.","1","t","t","515","1070","36586"
"5136",,"PAN GRANDE.","1","t","t","515","1070","36586"
"5137",,"PAN  ESPECIAL","1","t","t","515","1070","36586"
"5138",,"PAN DE CAJA BLCO ","1","t","t","516","1070","36586"
"5139",,"PAN DE CAJA INTEGRAL","1","t","t","516","1070","36586"
"5140",,"BOLLO  NORMAL","1","t","t","516","1070","36586"
"5141",,"BOLLO  INFANTIL","1","t","t","516","1070","36586"
"5142",,"BOLLO  GRANDE  ","1","t","t","516","1070","36586"
"5143",,"1/2 NOCHES NORM.","1","t","t","516","1070","36586"
"5144",,"1/1 NOCHES  GDE  AJONJOLI","1","t","t","516","1070","36586"
"5145",,"1/2 NOCHE  8PZ","1","t","t","516","1070","36586"
"5146",,"JUMBO  BLANCO","1","t","t","516","1070","36586"
"5147",,"JUMBO  INTEGRAL","1","t","t","516","1070","36586"
"5148",,"TOSTADITO…","1","t","t","516","1070","36586"
"5149",,"Kg.  PASTA.","1","t","t","517","1070","36586"
"5150",,"1/2 Kg. PASTA","1","t","t","517","1070","36586"
"5151",," PALITOS  (caja)","1","t","t","517","1070","36586"
"5152",,"PAN  MOLIDO Kg.","1","t","t","517","1070","36586"
"5153",,"1/2 Kg  PAN  MOLIDO","1","t","t","517","1070","36586"
"5154",,"1/4 Kg. PAN  MOLIDO","1","t","t","517","1070","36586"
"5155",,"PAN  FRIO  bolsa","1","t","t","517","1070","36586"
"5156",,"Kg. PASTA  HOJALDRE.","1","t","t","517","1070","36586"
"5157",,"EMPANADAS  VARIOS","1","t","t","517","1070","36586"
"5158",,"CUERNITOS c/jamón","1","t","t","517","1070","36586"
"5159",,"CROISSAN c/jamón","1","t","t","517","1070","36586"
"5160",,"Barritas  c/jamón","1","t","t","517","1070","36586"
"5161",,"HOJALDRAS c/MOLE","1","t","t","517","1070","36586"
"5133",,"SURTIDO","1","t","f","515","1070","36586"
"5164",,"BOLINACHO","1","t","t","517","1070","36586"
"5163",,"PIZZA  INDIVIDUAL","1","t","t","517","1070","36586"
"5162",,"CAFÉ","1","t","t","517","1070","36586"
"5303",,"TORTA MILANESA","1","t","t","525","1070","36625"
"5206",,"PAN DE MUERTO","1","t","t","519",,
"5227",,"RAJAS","1","t","f","520","1070","36650"
"3267",,"MUERTO   1","1","t","t","218","1070","36586"
"5252",,"Caja vacia","1","t","t","228","1070",
"5255",,"MUERTO RELLENO","1","t","t","519","1070","36586"
"5345",,"CHAPATA ROMERITOS","1","t","t","525","1070","36625"
"5281",,"ENCHILADAS","1","t","t","523","1070","36633"
"5381",,"TRONCO NAVIDEÑO","1","t","f","536",,
"5186",,"Pan Muerto Mediano","1","t","t","482","1070","36586"
"5372",,"RELLENO","1","t","t","522","1070","36633"
"5260",,"POLLO 1/4","1","t","t","521","1070","36388"
"5422",,"Bacalao","1","t","t","536",,
"5393",,"Rosca MEGA","1","t","t","538","1070","36586"
"5458",,"ADOBO CH","1","t","t","541",,
"5445",,"HORNEADO","1","t","t","541",,
"5462",,"RoscaBolsa2","1","t","t","517",,
"5460",,"R. REYES","1","t","t","226",,
"5476",,"Buñuelo Grande","1","t","t","501","1070","36586"
"5482",,"GELATINA AGUA GD","1","t","t","513",,
"5109",,"GELATINA  VASO  Ch.","1","t","f","513","1070","36586"
"5092",,"DONA  AZUCAR","1","t","f","511","1070","36586"
"5093",,"DONA  MOKA.","1","t","f","511","1070","36586"
"5108",,"GELATINA  VASO  Gde.","1","t","f","513","1070","36586"
"5489",,"ATOLE 1L","1","t","t","522",,
"5492",,"Panque de Nata","1","t","t","231","1070",
"5496",,"BOLSA BEAGUELS","1","t","t","517",,
"5498",,"GALLETA SURTIDA","1","t","t","245","1070",
"5503",,"EMPANADA DE ROMERITOS","1","t","t","235","1070",
"5506",,"AGUA","1","t","t","517",,
"5068",,"Dona mora","1","t","t","510",,
"5382",,"ENSALADA MANZANA","1","t","f","536",,
"5304",,"TORTA LOMO ADOBADO","1","t","t","525","1070","36625"
"5165",,"BIZCOCHO INTEGRAL","1","t","t","515","1070","36586"
"5346",,"TORTA HUEVO","1","t","t","525","1070","36625"
"5207",,"PAN DE MUERTO","1","t","f","519",,
"5228",,"SALSAS","1","t","t","520","1070","36650"
"3268",,"MUERTO RELLENO  3","1","t","t","218","1070","36586"
"5261",,"POLLO 1/2","1","t","t","521","1070","36388"
"5282",,"CONSOME","1","t","t","523","1070","36633"
"5423",,"Paella","1","t","t","536",,
"5326",,"CHCHARRON ENTOMATADO","1","t","t","522","1070","36633"
"5187",,"Pan Muerto Grande","1","t","t","482","1070","36586"
"5373",,"TORTA CAMARON","1","t","t","522","1070","36633"
"5446",,"HORNEAR Y PREPARAR","1","t","t","541",,
"5394",,"Rosca Chica","1","t","t","537","1070","36586"
"5459",,"POLLO2","1","t","t","520",,
"5463",,"RoscaCaja1","1","t","t","517",,
"5483",,"MOSAICO CH","1","t","t","513",,
"5490",,"ATOLE VASO","1","t","t","522",,
"5499",,"GALLETA SURTIDA","1","t","t","245","1070",
"5069",,"Dona dob chocolate","1","t","t","510",,
"5305",,"TORTA PAVO HORNEADO","1","t","t","525","1070","36625"
"5374",,"PURE MANZANA","1","t","t","522","1070","36633"
"5166",,"BOLSA","1","t","t","517","1070","36586"
"5383",,"cocodrilo","1","t","t","482","1070","36586"
"5208",,"PAN DE MUERTO","1","t","t","519",,
"5229",,"COCACOLA","1","t","t","520","1070","36688"
"5262",,"CHICHARRONES","1","t","t","521","1070","36388"
"5424",,"Enssalada manzana","1","t","t","536",,
"5447",,"HORNEADO Y RELLENADO","1","t","t","541",,
"5327",,"ROMERITOS","1","t","t","522","1070","36633"
"5283",,"CAFE","1","t","t","529","1070","36663"
"5188",,"biscocho","1","t","t","477","1070","36586"
"5347",,"PIÑA","1","t","t","528","1070","36633"
"5395",,"Rosca  Mediana","1","t","t","537","1070","36586"
"5464",,"RoscaCaja2","1","t","t","517",,
"5484",,"MOSAICO GD","1","t","t","513",,
"5500",,"Galleta decorada","1","t","t","245","1070",
"5070",,"Trufa","1","t","t","510",,
"5045",,"BISCOCHO","1","t","t","502","1070","36586"
"5306",,"TORTA CHILAQUIL POLLO","1","t","t","525","1070","36625"
"5167",,"MAZAPAN","1","t","t","517","1070","36586"
"5384",,"tostadas mantequilla","1","t","t","477","1070","36586"
"5425",,"Ensalada brasileña","1","t","t","536",,
"5209",,"BOLILLO MAYOREO","1","t","t","514",,
"5189",,"Pan Blanco","1","t","t","120","1070","36586"
"5230",,"COCACOLA","1","t","t","520","1070","36688"
"5263",,"PAPAS","1","t","t","521","1070","36607"
"5396",,"Rosca Grande","1","t","t","537","1070","36586"
"5328",,"BACALAO","1","t","t","522","1070","36633"
"5284",,"AGUA","1","t","t","529","1070","36683"
"5348",,"HUEVO","1","t","f","528","1070","36633"
"5448",,"ENSALADA MANZANA","1","t","f","541",,
"5465",,"RoscaCaja3","1","t","t","517",,
"5485",,"PIRAMIDE","1","t","t","513",,
"5851",,"Pastelitos","1","t","t","492","1070","36586"
"5071",,"Tu y yo","1","t","t","510",,
"5307",,"TORTA CHILAQUIL MILANESA","1","t","t","525","1070","36625"
"5285",,"REFRESCO","1","t","f","523","1070","36688"
"5168",,"CHURRO","1","t","t","517","1070","36586"
"3216",,"MINI VAINILLA","1","t","f","241","1070","36586"
"5426",,"Ensalada rusa","1","t","t","536",,
"5190",,"PAY DE QUESO","1","t","t","116","1070","36586"
"5210",,"Flan","1","t","t","492","1070","36622"
"5231",,"PEÑAFIEL","1","t","t","520","1070","36688"
"5264",,"ALITAS 6PZ","1","t","t","521","1070","36388"
"5329",,"TE","1","t","t","529","1070","36670"
"5349",,"PAQUETE DOMINICAL","1","t","t","521","1070","36388"
"5449",,"ENSALADA BRASILEÑA","1","t","f","541",,
"5466",,"RoscaCaja4","1","t","t","517",,
"5397",,"Rosca Familiar","1","t","t","537","1070","36586"
"5486",,"FLOR","1","t","t","513",,
"5308",,"TORTA CHILAQUIL  ASADA","1","t","t","525","1070","36625"
"5385",,"ALPURA FRESCA","1","t","t","241","1070",
"5427",,"Espeguetti","1","t","t","536",,
"5398",,"Rosca Extra Grande","1","t","t","537","1070","36586"
"5072",,"Plataneras","1","t","t","510",,
"5169",,"ACAMBARO","1","t","t","517","1070","36586"
"5450",,"ENSQLADA RUSA","1","t","f","541",,
"5467",,"RoscaCaja5","1","t","t","517",,
"5191",,"PAY DECORADO /PANQUE","1","t","t","116","1070","36586"
"5211",,"Pan","1","t","t","494","1070","36586"
"5047",,"PICON","1","t","t","494","1070","36586"
"5232",,"PEÑAFIEL","1","t","f","520","1070","36688"
"5265",,"ALITAS 12PZ","1","t","t","521","1070","36388"
"5286",,"HUEVOS C/CHORIZO","1","t","t","523","1070","36633"
"5330",,"CREMA P/CAFE","1","t","t","529","1070","36663"
"5350",,"PAQUETE JUEVES","1","t","t","521","1070","36633"
"5073",,"Ratón","1","t","t","510",,
"5287",,"CHILAQUILES C/HUEVO","1","t","t","523","1070","36633"
"5428",,"Relleno","1","t","t","536",,
"5170",,"REBANADA ROSCA","1","t","t","517","1070","36586"
"5309",,"TORTA CUBANA **","1","t","t","525","1070","36625"
"5351",,"COCA LIGTH O S AZUCAR","1","t","f","529","1070","36688"
"5192",,"DOMO CHICO","1","t","t","117","1070","36586"
"5212",,"Castillo","1","t","t","491","1070","27736"
"5233",,"PEÑAFIEL","1","t","t","520","1070","36688"
"5266",,"SALCHICHA","1","t","t","521","1070","36433"
"5451",,"ESPAGUETTI","1","t","f","541",,
"5331",,"REFRESCO","1","t","t","529","1070","36688"
"5386",,"Manoplas","1","t","t","483","1070","36586"
"5468",,"RoscaBolsa1 Relleno","1","t","t","517",,
"5399",,"Rosca Mega","1","t","t","537","1070","36586"
"5074",,"Re Pastel","1","t","t","510",,
"5049",,"REPOSTERIA","1","t","t","501","1070","36586"
"5171",,"PAN DE CEBOLLA","1","t","t","514","1070","36586"
"5288",,"CHILAQUILES C/ASADA","1","t","t","523","1070","36633"
"5310",,"TORTA NAPOLITANA**","1","t","t","525","1070","36625"
"5387",,"ESFERA NAVIDEÑA","1","t","t","233","1070",
"5429",,"Horneado","1","t","t","536",,
"5193",,"BASE PASTEL","1","t","t","252","1070","36587"
"5234",,"PESCUEZOS","1","t","t","520","1070","36388"
"5267",,"PAPA CAMRAY","1","t","t","521","1070","36607"
"5452",,"ENSALADA NAVIDAD","1","t","f","541",,
"5332",,"AGUA EMBOTELLADA","1","t","t","529","1070","36683"
"5213",,"Mayoreo","1","t","t","484","1070","36586"
"5352",,"HUEVO","1","t","t","528","1070",
"5400",,"Rosca Chica","1","t","t","540","1070","36586"
"5469",,"RoscaBolsa2 Relleno","1","t","t","517",,
"5075",,"Re Pastel","1","t","t","510",,
"5289",,"CHILAQUILES C/MILANESA","1","t","t","523","1070","36633"
"5353",,"EXT QUESO","1","t","t","525","1070","36633"
"5172",,"Pan M_chico","1","t","t","502","1070","36586"
"5311",,"TORTA FRANCESA**","1","t","t","525","1070","36625"
"4942",,"VELAS Y PASTILLAJE","1","t","t","491","1070","27736"
"5430",,"Horneado y preparado","1","t","t","536",,
"5194",,"VELA","1","t","t","118","1070","27736"
"5268",,"CHILES","1","t","t","521","1070","36650"
"5453",,"RELLENO","1","t","t","541",,
"5470",,"RoscaCaja1 Relleno","1","t","t","517",,
"5333",,"MILANESA EXTRA","1","t","t","528","1070","36633"
"5214",,"Mayoreo","1","t","t","477","1070","36586"
"5235",,"CHILES","1","t","t","520","1070","36433"
"5401",,"Rosca Mediana","1","t","t","540","1070","36586"
"5076",,"Fantasia","1","t","t","510",,
"5051",,"REPOSTERIA","1","t","t","501","1070","36586"
"5173",,"Pan M chico","1","t","t","502","1070","36586"
"5290",,"CHILAQUILES C/POLLO","1","t","t","523","1070","36633"
"5195",,"VELA","1","t","t","118","1070","27736"
"5236",,"ARROZ FRIJOL","1","t","t","520","1070","36433"
"5269",,"HABAS","1","t","t","521","1070","36607"
"5431",,"Horneado y relleno","1","t","t","536",,
"5454",,"ADOBO","1","t","t","541",,
"5334",,"JAMON EXTRA","1","t","t","528","1070","36633"
"5312",,"TORTA CAMPECHANA**","1","t","t","525","1070","36625"
"5402",,"Rosca Grande","1","t","f","482","1070","36586"
"5471",,"RoscaCaja2 Relleno","1","t","t","517",,
"5270",,"POLLO LEÑA PREPARADO","1","t","f","523","1070","36388"
"5077",,"Vaso flan gr","1","t","t","510",,
"5432",,"PAVO FAMILIAR","1","t","f","541",,
"5174",,"Pan M Chico","1","t","t","251","1070","36586"
"5291",,"CHAPATA SUSY","1","t","t","525","1070","36625"
"5196",,"VELA","1","t","t","118","1070","27736"
"5237",,"TORTILLAS","1","t","t","520","1070","36596"
"2927",,"1/2 KG, PASTA SECA","1","t","f","238","1070","36586"
"5472",,"RoscaCaja3 Relleno","1","t","t","517",,
"5335",,"TOCINO EXTRA","1","t","t","528","1070","36633"
"5313",,"BAGUETTE HAWAIANA","1","t","t","525","1070","36625"
"5403",,"Rosca Grande","1","t","t","540","1070","36586"
"5078",,"Vaso flan ch","1","t","t","510",,
"5271",,"1/2 POLLO PREPARADO","1","t","f","523","1070","36388"
"5053",,"REPOSTERIA","1","t","t","501","1070","36586"
"5175",,"Pan Muerto Chico","1","t","t","251","1070","36586"
"5238",,"PAQUETE POLLOS","1","t","t","520","1070","36388"
"5433",,"PAVO GRANDE","1","t","t","541",,
"5336",,"CHORIZO EXTRA","1","t","t","528","1070","36633"
"5455",,"ROSCA DE REYES","1","t","t","517",,
"5292",,"CHAPATA ITALIANA","1","t","t","525","1070","36625"
"5473",,"RoscaCaja4 Relleno","1","t","t","517",,
"5314",,"BAGUETTE VIKINGA","1","t","t","525","1070","36625"
"5404",,"Rosca Familiar","1","t","t","540","1070","36586"
"5434",,"PAVO FAMILIAR","1","t","t","541",,
"5474",,"RoscaCaja5 Relleno","1","t","t","517",,
"5079",,"Arroz leche gde","1","t","t","510",,
"5293",,"CHAPATA MILAN","1","t","t","525","1070","36625"
"5176",,"Pan Muerto Chico","1","t","t","251","1070","36586"
"5239",,"POLLO $$$","1","t","t","520","1070","36388"
"5337",,"PIERNA EXTRA","1","t","t","528","1070","36633"
"5315",,"BAGUETTE MELCHORI","1","t","t","525","1070","36625"
"5272",,"POLLO PREPARADO 1/4","1","t","t","523","1070","36388"
"5405",,"Rosca Chica","1","t","t","539","1070","36586"
"5080",,"Arroz leche ch","1","t","t","510",,
"5435",,"PAVO GRANDE","1","t","t","541",,
"5177",,"Pan Muerto Mediano","1","t","t","251","1070","36586"
"5240",,"PAN MUERTO","1","t","t","519","1070","36586"
"5273",,"1/2 POLLO PREPARADO","1","t","f","523","1070","36388"
"5338",,"POLLO EXTRA","1","t","t","528","1070","36633"
"5294",,"CHAPATA SUIZA","1","t","t","525","1070","36625"
"5316",,"BAGUETTE CUATRO QUESOS","1","t","t","525","1070","36625"
"5406",,"Rosca Mediana","1","t","t","539","1070","36586"
"5055",,"REPOSTERIA","1","t","t","501","1070","36586"
"5081",,"Rollo chocolate","1","t","t","510",,
"5295",,"CHAPATA TAHONA","1","t","t","525","1070","36625"
"5178",,"Pan Muerto Grande","1","t","t","251","1070","36586"
"5436",,"PECHUGA DE PAVO","1","t","t","541",,
"5241",,"PAN MUERTO","1","t","t","519","1070","36586"
"5274",,"BOLSA CHILES","1","t","f","523","1070","36650"
"5317",,"PAELLA","1","t","t","522","1070","36633"
"5198",,"Abanico","1","t","t","477","1070","36586"
"4870",,"VARIOS","1","t","t","504","1070","27736"
"4869",,"PASTELES O GELATINAS","1","t","t","503","1070","36586"
"5407",,"Rosca Grande","1","t","t","539","1070","36586"
"5056",,"REPOSTERIA","1","t","t","501","1070","36586"
"4871",,"MAYOREO","1","t","t","504","1070","36586"
